event_simpleName,normalized_by_ta,cim_data_models,in_eventtype,in_eval,field_count
AccessoryConnected,NO,,,,21
ActiveDirectoryAccountCreated,NO,,,,13
AdditionalHostInfo,NO,,,,17
AgentConnect,NO,,,,23
AgentOnline,NO,,,,39
AgenticSessionStart,NO,,,,26
AppProtocolDetected,NO,,,,16
AppleScriptFileWritten,NO,,,,23
AsepFileChange,NO,,,,19
AsepFileChangeScanInfo,NO,,,,23
AsepKeyUpdate,yes,Endpoint.Registry,yes,yes,24
AsepValueUpdate,yes,Endpoint.Registry,yes,yes,31
AsifFileWritten,NO,,,,23
AssociateIndicator,yes,Alerts.Alerts,yes,yes,0
AwsEc2Instance,NO,,,,24
AzureIpConfiguration,NO,,,,18
AzurePublicIpAddress,NO,,,,18
AzureVirtualMachine,NO,,,,21
BITSJobCreated,NO,,,,26
BZip2FileWritten,NO,,,,23
BillingInfo,NO,,,,19
BmpFileWritten,NO,,,,27
BrowserInjectedThread,NO,,,,25
CabFileWritten,NO,,,,27
ChannelActive,NO,,,,17
ChannelDataDownloadComplete,NO,,,,22
ChannelVersionRequired,NO,,,,17
ClassifiedModuleLoad,NO,,,,37
CloudSecurityIOMEvaluation,NO,,,,41
CommandHistory,yes,Endpoint.Processes,yes,yes,25
ConfigDownloadComplete,NO,,,,20
ConfigStateUpdate,NO,,,,13
ConfigurationProfileModified,NO,,,,26
CreateProcessArgs,NO,,,,17
CreateService,yes,Endpoint.Services,yes,yes,0
CreateSocket,NO,,,,22
CriticalEnvironmentVariableChanged,yes,Change.Account_Changes,yes,yes,18
CriticalFileAccessed,yes,Endpoint.Filesystem,yes,yes,20
CriticalFileModified,NO,,,,22
CrxFileWritten,NO,,,,24
CurrentSystemTags,NO,,,,14
CustomIOAFileWrittenDetectionInfoEvent,NO,,,,24
DBusMessage,NO,,,,28
DCSyncAttempted,NO,,,,25
DNSRequestDetectInfo,NO,,,,26
DataEgress,NO,,,,29
DataEgressEnriched,NO,,,,20
DcBluetoothDeviceConnected,NO,,,,19
DcUsbConfigurationDescriptor,NO,,,,21
DcUsbDeviceConnected,NO,,,,42
DcUsbDeviceDisconnected,NO,,,,24
DcUsbEndpointDescriptor,NO,,,,21
DcUsbHIDDescriptor,NO,,,,20
DcUsbInterfaceDescriptor,NO,,,,24
DeliverLocalFXToCloud,NO,,,,25
DetectionExcluded,NO,,,,26
DirectoryCreate,yes,Endpoint.Filesystem,yes,yes,37
DiskCapacity,NO,,,,16
DllInjection,NO,,,,24
DmgFileWritten,NO,,,,24
DmpFileWritten,yes,Endpoint.Filesystem,yes,yes,34
DnsRequest,yes,Network_Resolution.DNS,yes,yes,28
DocumentProgramInjectedThread,NO,,,,25
DriverLoad,yes,Endpoint.Processes,yes,yes,40
DwgFileWritten,NO,,,,33
ELFFileWritten,yes,Endpoint.Filesystem,yes,yes,30
EmailFileWritten,NO,,,,27
EndOfProcess,yes,Endpoint.Processes,yes,yes,78
ErrorEvent,NO,,,,17
EtwComponentResponse,NO,,,,20
EventLogCleared,NO,,,,21
Event_AutomatedLeadSummaryEvent,NO,,,,35
Event_DataProtectionDetectionSummaryEvent,NO,,,,79
Event_DetectionSummaryEvent,NO,,,,70
Event_EppDetectionSummaryEvent,NO,,,,105
Event_FileIntegrityMonitorRuleMatchedEnriched,NO,,,,28
ExecutableDeleted,yes,Endpoint.Filesystem,yes,yes,23
FalconProcessHandleOpDetectInfo,NO,,,,38
FileCreateInfo,yes,Endpoint.Filesystem,yes,yes,21
FileDeleteInfo,NO,,,,18
FileDeleted,NO,,,,26
FileExtendedAttrOperation,NO,,,,24
FileIntegrityMonitorRuleMatched,NO,,,,44
FileOpenInfo,yes,Endpoint.Filesystem,yes,yes,21
FileRenameInfo,yes,Change.Endpoint_Changes,yes,yes,19
FileSystemOperationDetectInfo,NO,,,,24
FileVaultStatus,NO,,,,17
FileWrittenWithEntropyHigh,NO,,,,24
FirewallChangeOption,NO,,,,18
FirewallDeleteRule,NO,,,,16
FirewallDisabled,NO,,,,15
FirewallEnabled,NO,,,,15
FirewallRuleIP4Matched,NO,,,,32
FirewallSetRule,NO,,,,17
FirewallSetRuleIP4,NO,,,,27
FirewallSetRuleIP6,NO,,,,29
FirmwareAnalysisStatus,NO,,,,18
FirmwareImageAnalyzed,NO,,,,20
FsPostOpenSnapshotFile,NO,,,,35
FsVolumeMounted,yes,Endpoint.Filesystem,yes,yes,53
FsVolumeUnmounted,NO,,,,21
GcpComputeInstance,NO,,,,21
GcpComputeNetworkInterface,NO,,,,20
GcpIamServiceAccount,NO,,,,19
GenericFileWritten,NO,,,,35
GifFileWritten,NO,,,,27
GroupIdentity,NO,,,,23
GzipFileWritten,NO,,,,28
HookedDriverObject,NO,,,,23
HostInfo,yes,Compute_Inventory.OS,yes,yes,14
HostedServiceStarted,yes,Endpoint.Services,yes,yes,27
HostedServiceStopped,NO,,,,17
HttpRequest,NO,,,,21
HttpRequestDetect,NO,,,,25
HttpResponse,NO,,,,20
IOServiceRegister,NO,,,,17
IdpDcPerfReport,NO,,,,21
ImageHash,yes,Endpoint.Processes,yes,yes,28
ImageHash_Win,yes,,,yes,0
InjectedThread,yes,Endpoint.Processes,yes,yes,26
InstalledApplication,yes,Change.All_Changes,yes,yes,0
InstalledBrowserExtension,NO,,,,32
InstanceMetadata,yes,Compute_Inventory.All_Inventory,yes,yes,0
JarFileWritten,NO,,,,35
JavaClassFileWritten,NO,,,,34
JavaInjectedThread,NO,,,,26
JpegFileWritten,NO,,,,27
KernelModeLoadImage,yes,Endpoint.Processes,yes,yes,0
KernelServiceStarted,NO,,,,20
KextLoad,NO,,,,17
LFODownloadConfirmation,yes,Endpoint.Filesystem,yes,yes,17
LZipFileWritten,NO,,,,26
LfoUploadDataComplete,NO,,,,19
LfoUploadStart,NO,,,,23
LightningLatencyInfo,NO,,,,13
LightningUnresponsiveStatus,NO,,,,17
LocalIpAddressIP4,yes,Compute_Inventory.Network,yes,yes,33
LocalIpAddressIP6,yes,Compute_Inventory.Network,yes,yes,89
LocalIpAddressRemovedIP4,NO,,,,17
LocalIpAddressRemovedIP6,NO,,,,17
LocalWindowsUserUpdate,NO,,,,14
LoginItemAdded,NO,,,,21
LogonBehaviorCompositionDetectInfo,NO,,,,27
LsassHandleFromUnsignedModule,NO,,,,29
LzfseFileWritten,NO,,,,26
LzmaFileWritten,NO,,,,26
MSDocxFileWritten,NO,,,,28
MSPptxFileWritten,NO,,,,25
MSXlsxFileWritten,NO,,,,28
MachOFileWritten,NO,,,,27
MachOHeaderParsed,NO,,,,28
ModifyServiceBinary,yes,Endpoint.Services,yes,yes,24
ModuleCertificateInfo2,NO,,,,19
MotwWritten,NO,,,,18
MountedVolume,NO,,,,33
MsiTransactionExecuted,NO,,,,28
NeighborListIP4,NO,,,,14
NeighborListIP6,NO,,,,14
NetShareSecurityModify,NO,,,,26
NetworkCloseIP4,yes,Endpoint.Ports,yes,yes,22
NetworkCloseIP6,yes,Endpoint.Ports,yes,yes,22
NetworkConnectIP4,yes,Endpoint.Ports,yes,yes,25
NetworkConnectIP4Blocked,NO,,,,25
NetworkConnectIP6,yes,Endpoint.Ports,yes,yes,26
NetworkContainmentCompleted,NO,,,,18
NetworkListenIP4,yes,Endpoint.Ports,yes,yes,24
NetworkListenIP6,yes,Endpoint.Ports,yes,yes,24
NetworkReceiveAcceptIP4,yes,Endpoint.Ports,yes,yes,24
NetworkReceiveAcceptIP6,yes,Endpoint.Ports,yes,yes,24
NewExecutableRenamed,yes,Change.Endpoint_Changes,yes,yes,27
NewExecutableWritten,yes,Endpoint.Filesystem,yes,yes,35
NewScriptWritten,yes,Endpoint.Filesystem,yes,yes,36
OciContainerInfo,NO,,,,30
OdsMaliciousFileFound,NO,,,,19
OdsStarted,NO,,,,22
OleFileWritten,NO,,,,34
OoxmlFileWritten,NO,,,,36
OpenDirectoryAttributeAdd,NO,,,,27
OpenDirectoryAttributeRemove,NO,,,,27
OpenDirectoryAttributeSet,NO,,,,25
OpenDirectoryCreateUser,NO,,,,20
OpenDirectoryPasswordModification,NO,,,,23
OsVersionInfo,yes,Compute_Inventory.OS,yes,yes,20
PackedExecutableWritten,yes,Endpoint.Filesystem,yes,yes,17
PacketFilterAttached,NO,,,,21
PdfFileWritten,NO,,,,34
PeFileWritten,yes,Endpoint.Filesystem,yes,yes,44
PeVersionInfo,yes,Endpoint.Filesystem,yes,yes,21
PemFileWritten,NO,,,,23
PngFileWritten,NO,,,,44
PrivilegedProcessHandleFromUnsignedModule,yes,Endpoint.Processes,yes,yes,29
ProcessAncestryInformation,NO,,,,22
ProcessBlocked,yes,Endpoint.Processes,yes,yes,0
ProcessExecOnPackedExecutable,NO,,,,17
ProcessExecOnSMBFile,NO,,,,22
ProcessRollup2,yes,Endpoint.Processes,yes,yes,58
ProcessRollup2Stats,yes,Endpoint.Processes,yes,yes,21
ProcessSelfDeleted,NO,,,,20
ProcessSubstituteUser,NO,,,,28
ProvisioningStarted,NO,,,,16
PtActivationStatus,NO,,,,16
PtyCreated,NO,,,,19
QuarantinedFile,yes,Malware.Malware_Attacks,yes,yes,0
QuarantinedFileState,yes,Malware.Malware_Attacks,yes,yes,0
RansomwareFileAccessPattern,NO,,,,22
RansomwareOpenFile,NO,,,,31
RarFileWritten,yes,Endpoint.Filesystem,yes,yes,0
RawBindIP4,NO,,,,23
RawBindIP6,NO,,,,23
ReflectiveDllLoaded,NO,,,,22
ReflectiveDotnetModuleLoad,NO,,,,31
RegCrowdstrikeValueUpdate,NO,,,,28
RegGenericKeyUpdate,NO,,,,26
RegGenericValueUpdate,NO,,,,26
RegSystemConfigKeyUpdate,NO,,,,24
RegSystemConfigValueUpdate,NO,,,,26
RegisterRawInputDevicesEtw,NO,,,,17
RegistryOperationDetectInfo,NO,,,,25
RemoteBruteForceDetectInfo,NO,,,,21
RemoteThreadCreate,NO,,,,17
RemovableMediaVolumeMounted,yes,Endpoint.Filesystem,yes,yes,31
ResourceUtilization,NO,,,,23
RtfFileWritten,NO,,,,37
SAMHashDumpFromUnsignedModule,NO,,,,31
ScheduledTaskDeleted,NO,,,,25
ScheduledTaskModified,NO,,,,29
ScheduledTaskRegistered,yes,Endpoint.Services,yes,yes,29
ScreenshotTakenEtw,yes,Endpoint.Processes,yes,yes,23
ScriptControlDetectInfo,yes,Alerts.Alerts,yes,yes,0
ScriptControlDetectInvalidInfo,NO,,,,23
ScriptControlErrorEvent,NO,,,,20
ScriptControlScanInfo,yes,Alerts.Alerts,yes,yes,18
ScriptControlScanTelemetry,NO,,,,28
SensitiveWmiQuery,yes,Change.Endpoint_Changes,yes,yes,18
SensorAntiTamperState,NO,,,,13
SensorHeartbeat,NO,,,,19
SensorSelfDiagnosticTelemetry,NO,,,,23
SensorSettingsUpdate,NO,,,,19
SensorTampering,NO,,,,23
ServiceStarted,yes,Endpoint.Services,yes,yes,29
ServiceStopped,NO,,,,22
ServicesStatusInfo,NO,,,,18
SevenZipFileWritten,NO,,,,34
SharedObjectLoaded,NO,,,,22
SmbClientShareClosedEtw,NO,,,,15
SmbClientShareOpenedEtw,NO,,,,15
SmbServerShareOpenedEtw,NO,,,,17
SmbServerV1AuditEtw,NO,,,,14
SnapshotVolumeMounted,NO,,,,29
SuspiciousCreateSymbolicLink,NO,,,,22
SuspiciousDnsRequest,NO,,,,20
SuspiciousPrivilegedProcessHandle,NO,,,,23
SuspiciousRegAsepUpdate,NO,,,,32
SyntheticPR2Stats,NO,,,,22
SyntheticProcessRollup2,yes,Endpoint.Processes,yes,yes,33
SystemCapacity,yes,Compute_Inventory.CPU,yes,yes,21
SystemdServiceCreated,NO,,,,22
TarFileWritten,NO,,,,23
TcgPcrInfo,NO,,,,28
TerminateProcess,NO,,,,18
TiffFileWritten,NO,,,,27
TlsClientHello,NO,,,,20
TokenImpersonated,NO,,,,20
UnsignedModuleLoad,NO,,,,25
UserAccountAddedToGroup,NO,,,,23
UserAccountCreated,NO,,,,20
UserAccountDeleted,NO,,,,22
UserExceptionDEP,NO,,,,23
UserFontLoad,NO,,,,23
UserIdentity,yes,Compute_Inventory.User,yes,yes,37
UserLogoff,yes,Change.Account_Changes,yes,yes,30
UserLogon,yes,Authentication.Authentication,yes,yes,34
UserLogonFailed,yes,Authentication.Authentication,yes,yes,22
UserLogonFailed2,yes,Authentication.Authentication,yes,yes,27
VolumeSnapshotCreated,NO,,,,26
VolumeSnapshotDeleted,NO,,,,31
WSLDistributionStarted,NO,,,,30
WmiCreateProcess,yes,Endpoint.Processes,yes,yes,24
WmiProviderRegistrationEtw,NO,,,,25
WroteExeAndGeneratedServiceEvent,NO,,,,14
XarFileWritten,NO,,,,23
XumdHookEvent,NO,,,,24
XumdStatus,NO,,,,21
XzFileWritten,NO,,,,26
ZipFileWritten,NO,,,,34
ZstdFileWritten,NO,,,,26
