field,value,meaning,lookup_file
AccessoryConnectionType,0,BLUETOOTH,crowdstrike_AccessoryConnectionType.csv
AccessoryConnectionType,1,USB_HOST,crowdstrike_AccessoryConnectionType.csv
AccessoryConnectionType,2,USB_DEVICE,crowdstrike_AccessoryConnectionType.csv
AccountStatus,0,PROVISIONED,crowdstrike_AccountStatus.csv
AccountStatus,1,OPERATIONAL,crowdstrike_AccountStatus.csv
AccountStatus,2,REGRESSION,crowdstrike_AccountStatus.csv
AllocationType,4096,MEM_COMMIT,crowdstrike_AllocationType.csv
AllocationType,8192,MEM_RESERVE,crowdstrike_AllocationType.csv
AllocationType,16384,MEM_DECOMMIT,crowdstrike_AllocationType.csv
AllocationType,32768,MEM_RELEASE,crowdstrike_AllocationType.csv
AllocationType,65536,MEM_FREE,crowdstrike_AllocationType.csv
AllocationType,524288,MEM_RESET,crowdstrike_AllocationType.csv
AmsiRegistrationState,0,AMSI_REGISTRATION_DISABLED,crowdstrike_AmsiRegistrationState.csv
AmsiRegistrationState,1,AMSI_REGISTRATION_ENABLED,crowdstrike_AmsiRegistrationState.csv
AmsiStatusCode,1,AMSI_REGISTER_SUCCESS,crowdstrike_AmsiStatusCode.csv
AmsiStatusCode,2,AMSI_REGISTER_FAILED,crowdstrike_AmsiStatusCode.csv
AmsiStatusCode,3,AMSI_UNREGISTER_SUCCESS,crowdstrike_AmsiStatusCode.csv
AmsiStatusCode,4,AMSI_UNREGISTER_FAILED,crowdstrike_AmsiStatusCode.csv
AndroidManifestFragmentType,1,BROADCAST_RECEIVERS,crowdstrike_AndroidManifestFragmentType.csv
AndroidManifestFragmentType,2,USES_PERMISSIONS,crowdstrike_AndroidManifestFragmentType.csv
AndroidManifestFragmentType,3,SERVICES,crowdstrike_AndroidManifestFragmentType.csv
AndroidManifestFragmentType,4,ACTIVITIES,crowdstrike_AndroidManifestFragmentType.csv
AndroidModuleId,1,CONTAINER,crowdstrike_AndroidModuleId.csv
AndroidModuleId,2,VPN,crowdstrike_AndroidModuleId.csv
AndroidModuleId,3,NETWORK_PREVENTION,crowdstrike_AndroidModuleId.csv
AndroidModuleId,4,NETWORK_DETECTION,crowdstrike_AndroidModuleId.csv
AndroidModuleState,1,DISABLED,crowdstrike_AndroidModuleState.csv
AndroidModuleState,2,ENABLED,crowdstrike_AndroidModuleState.csv
AndroidModuleState,3,PENDING_ACTIVATION,crowdstrike_AndroidModuleState.csv
AndroidModuleState,4,ERROR,crowdstrike_AndroidModuleState.csv
AppPathFlag,0,APP_PATH_INVALID,crowdstrike_AppPathFlag.csv
AppPathFlag,1,DIRECTORY_CUSTOM,crowdstrike_AppPathFlag.csv
AppPathFlag,2,FILE_CUSTOM,crowdstrike_AppPathFlag.csv
AppPathFlag,3,FILE_DISPLAY_ICON,crowdstrike_AppPathFlag.csv
AppPathFlag,4,FILE_UNINSTALL_STRING,crowdstrike_AppPathFlag.csv
AppPathFlag,5,FILE_MODIFY_PATH,crowdstrike_AppPathFlag.csv
AppPathFlag,6,FILE_CLSID_LOCAL_SERVER32,crowdstrike_AppPathFlag.csv
AppPathFlag,7,FILE_CLSID_INPROC_SERVER32,crowdstrike_AppPathFlag.csv
AppPathFlag,8,DIRECTORY_INSTALL_LOCATION,crowdstrike_AppPathFlag.csv
AppPathFlag,9,DIRECTORY_INSTALL_LOCATION_FAILED_MSI,crowdstrike_AppPathFlag.csv
AppPathFlag,10,FILE_MSI_LOCAL_PACKAGE,crowdstrike_AppPathFlag.csv
AppPathFlag,11,FAILED_NO_MSI_FILE,crowdstrike_AppPathFlag.csv
AppPathFlag,12,FAILED_NO_UNINSTALL_INFO,crowdstrike_AppPathFlag.csv
AppPathFlag,13,NOT_AVAILABLE_CUSTOM,crowdstrike_AppPathFlag.csv
AppPathFlag,14,FILESYSTEM_INDEX,crowdstrike_AppPathFlag.csv
AppProvider,0,UNKNOWN,crowdstrike_AppProvider.csv
AppProvider,1,RPM,crowdstrike_AppProvider.csv
AppProvider,2,DPKG,crowdstrike_AppProvider.csv
AppProvider,3,APPLE_MAC_APP_STORE,crowdstrike_AppProvider.csv
AppType,0,TYPE_ALL,crowdstrike_AppType.csv
AppType,1,TYPE_UNINSTALL,crowdstrike_AppType.csv
AppType,2,TYPE_CLSID,crowdstrike_AppType.csv
AppType,3,TYPE_CUSTOM,crowdstrike_AppType.csv
AppType,4,TYPE_APPLE_BUNDLE,crowdstrike_AppType.csv
AppType,1000,TYPE_INVALID,crowdstrike_AppType.csv
AsepClass,0,UNKNOWN,crowdstrike_AsepClass.csv
AsepClass,1,SYSTEM_STARTUP_AUTORUN,crowdstrike_AsepClass.csv
AsepClass,2,SYSTEM_SHUTDOWN_AUTORUN,crowdstrike_AsepClass.csv
AsepClass,3,USER_LOGON_AUTORUN,crowdstrike_AsepClass.csv
AsepClass,4,USER_LOGOFF_AUTORUN,crowdstrike_AsepClass.csv
AsepClass,5,APP_START_AUTORUN,crowdstrike_AsepClass.csv
AsepClass,6,APP_EXTENSION,crowdstrike_AsepClass.csv
AsepClass,7,SERVICE,crowdstrike_AsepClass.csv
AsepClass,8,AUTHENTICATION,crowdstrike_AsepClass.csv
AsepClass,9,CORE_PROCESSES,crowdstrike_AsepClass.csv
AsepClass,10,CUSTOM_PROCESSES,crowdstrike_AsepClass.csv
AsepClass,11,CORE_SERVICES,crowdstrike_AsepClass.csv
AsepClass,12,CORE_SERVICE_PLUGINS,crowdstrike_AsepClass.csv
AsepClass,13,SERVER_PLUGINS,crowdstrike_AsepClass.csv
AsepClass,14,NETWORK_SERVICE_PLUGINS,crowdstrike_AsepClass.csv
AsepClass,15,LANG_SERVICE_PLUGINS,crowdstrike_AsepClass.csv
AsepClass,16,MULTIMEDIA_PLUGINS,crowdstrike_AsepClass.csv
AsepClass,17,SHELL_PLUGINS,crowdstrike_AsepClass.csv
AsepClass,18,IE_COM_PLUGINS,crowdstrike_AsepClass.csv
AsepClass,19,COM_REGISTRATION,crowdstrike_AsepClass.csv
AsepClass,20,PRINTERS,crowdstrike_AsepClass.csv
AsepClass,21,TERMINAL_SERVER,crowdstrike_AsepClass.csv
AsepClass,22,GRAPHICS_CORE,crowdstrike_AsepClass.csv
AsepClass,23,SYSTEM_CONFIG,crowdstrike_AsepClass.csv
AsepClass,100,BOOT_CONFIGURATION_DATA,crowdstrike_AsepClass.csv
AsepClass,101,CROWDSTRIKE_KEY,crowdstrike_AsepClass.csv
AsepValueType,0,UNKNOWN,crowdstrike_AsepValueType.csv
AsepValueType,1,CMD_LINE,crowdstrike_AsepValueType.csv
AsepValueType,2,DLL_PATH,crowdstrike_AsepValueType.csv
AsepValueType,3,DLL_NAME,crowdstrike_AsepValueType.csv
AsepValueType,4,APP_NAME,crowdstrike_AsepValueType.csv
AsepValueType,5,GUID,crowdstrike_AsepValueType.csv
AuthenticationId,0,INVALID_LUID,crowdstrike_AuthenticationId.csv
AuthenticationId,996,NETWORK_SERVICE,crowdstrike_AuthenticationId.csv
AuthenticationId,997,LOCAL_SERVICE,crowdstrike_AuthenticationId.csv
AuthenticationId,999,SYSTEM,crowdstrike_AuthenticationId.csv
AuthenticationId,1000,RESERVED_LUID_MAX,crowdstrike_AuthenticationId.csv
BatteryStatus,0,CHARGING,crowdstrike_BatteryStatus.csv
BatteryStatus,1,DISCHARGING,crowdstrike_BatteryStatus.csv
BatteryStatus,2,FULL,crowdstrike_BatteryStatus.csv
BatteryStatus,3,NOT_CHARGING,crowdstrike_BatteryStatus.csv
BatteryStatus,4,UNKNOWN,crowdstrike_BatteryStatus.csv
BillingType,0,DEFAULT_BILLING,crowdstrike_BillingType.csv
BillingType,1,METERED_BILLING,crowdstrike_BillingType.csv
BlockingClassId,0,CLID_INVALID_SOURCE,crowdstrike_BlockingClassId.csv
BlockingClassId,16778217,CLID_PROCESS_SOURCE,crowdstrike_BlockingClassId.csv
BlockingClassId,16778225,CLID_FS_SOURCE,crowdstrike_BlockingClassId.csv
BlockingClassId,67109947,CLID_FS_PEWRITTEN,crowdstrike_BlockingClassId.csv
BluetoothStatus,0,UNKNOWN,crowdstrike_BluetoothStatus.csv
BluetoothStatus,1,UNAVAILABLE,crowdstrike_BluetoothStatus.csv
BluetoothStatus,2,UNAUTHORIZED,crowdstrike_BluetoothStatus.csv
BluetoothStatus,3,OFF,crowdstrike_BluetoothStatus.csv
BluetoothStatus,4,ON,crowdstrike_BluetoothStatus.csv
BootTimeFunctionalityLevel,255,BOOT_FUNCTIONALITY_LEVEL_UNKNOWN,crowdstrike_BootTimeFunctionalityLevel.csv
BuildType,1,RTM,crowdstrike_BuildType.csv
BuildType,2,LDR,crowdstrike_BuildType.csv
BuildType,3,GDR,crowdstrike_BuildType.csv
CSAStatus,0,STATUS_SUCCESS,crowdstrike_CSAStatus.csv
CallStackModuleNamesVersion,0,INVALID_VERSION,crowdstrike_CallStackModuleNamesVersion.csv
CallStackModuleNamesVersion,5,CSMN_FORMAT_5,crowdstrike_CallStackModuleNamesVersion.csv
CallStackModuleNamesVersion,6,CSMN_FORMAT_6,crowdstrike_CallStackModuleNamesVersion.csv
CallStackModuleNamesVersion,7,CSMN_FORMAT_7,crowdstrike_CallStackModuleNamesVersion.csv
CallStackModuleNamesVersion,8,CSMN_FORMAT_8,crowdstrike_CallStackModuleNamesVersion.csv
ChannelId,13,SBWL,crowdstrike_ChannelId.csv
ChannelId,58,SPOTLIGHT_CLSID,crowdstrike_ChannelId.csv
ChannelId,90,UMPPC_IOCTL_SUPPLEMENT,crowdstrike_ChannelId.csv
ChannelId,91,DRIVER_PREVENTION,crowdstrike_ChannelId.csv
ChannelId,4294967295,ALL,crowdstrike_ChannelId.csv
ClientId,1,RANSOMWARE_DIRECTORY_TRAVERSAL,crowdstrike_ClientId.csv
ClientId,2,RANSOMWARE_DIRECTORY_TRAVERSAL_HIGH_CONFIDENCE,crowdstrike_ClientId.csv
ClientId,3,RANSOMWARE_DIRECTORY_TRAVERSAL_V2,crowdstrike_ClientId.csv
ClientId,16,RANSOMWARE_SCENARIO_1,crowdstrike_ClientId.csv
ClientId,17,RANSOMWARE_SCENARIO_2,crowdstrike_ClientId.csv
ClientId,18,RANSOMWARE_SCENARIO_4,crowdstrike_ClientId.csv
ClientId,19,RANSOMWARE_SCENARIO_3,crowdstrike_ClientId.csv
ClientId,32,SENSITIVE_FILES,crowdstrike_ClientId.csv
ClientId,48,WEBSHELL_RECON_SHORT,crowdstrike_ClientId.csv
ClientId,49,WEBSHELL_RECON_LONG,crowdstrike_ClientId.csv
ClientId,50,WEBSHELL_SUSPICIOUS_CMD,crowdstrike_ClientId.csv
CloudErrorCode,1,RR_INITIALIZATION_ERROR,crowdstrike_CloudErrorCode.csv
CloudErrorCode,2,RR_INSTANTIATION_ERROR,crowdstrike_CloudErrorCode.csv
CloudErrorCode,3,RR_EXECUTION_ERROR,crowdstrike_CloudErrorCode.csv
CloudErrorCode,4,RR_EXCEPTION_ERROR,crowdstrike_CloudErrorCode.csv
CloudErrorCode,5,RR_ENTITLEMENT_ERROR,crowdstrike_CloudErrorCode.csv
CloudErrorCode,6,RR_INVALID_COMMAND_ERROR,crowdstrike_CloudErrorCode.csv
CloudErrorCode,7,RR_DISABLED_ERROR,crowdstrike_CloudErrorCode.csv
CloudErrorCode,8,RR_NOT_IMPLEMENTED_ERROR,crowdstrike_CloudErrorCode.csv
CloudPlatform,1,AWS,crowdstrike_CloudPlatform.csv
CloudPlatform,2,AZURE,crowdstrike_CloudPlatform.csv
CloudPlatform,3,GCP,crowdstrike_CloudPlatform.csv
ConnectType,0,CONNECT_INVALID,crowdstrike_ConnectType.csv
ConnectType,1,CONNECT_DIRECT,crowdstrike_ConnectType.csv
ConnectType,2,CONNECT_WPAD,crowdstrike_ConnectType.csv
ConnectType,3,CONNECT_IE_AUTOPROXY,crowdstrike_ConnectType.csv
ConnectType,4,CONNECT_IE_PROXY,crowdstrike_ConnectType.csv
ConnectType,5,CONNECT_SIMPLESTORE_AUTOCONFIG,crowdstrike_ConnectType.csv
ConnectType,6,CONNECT_CACHE_PROXY,crowdstrike_ConnectType.csv
ConnectType,7,CONNECT_PERSISTED_PROXY,crowdstrike_ConnectType.csv
ConnectType,8,CONNECT_APP_PROXY,crowdstrike_ConnectType.csv
ConnectType,9,CONNECT_DIRECT_DNS_BYPASS,crowdstrike_ConnectType.csv
ConnectType,10,CONNECT_CACHE_PROXYFORURL_WPAD,crowdstrike_ConnectType.csv
ConnectType,11,CONNECT_CACHE_PROXYFORURL_PACURL,crowdstrike_ConnectType.csv
ConnectType,12,CONNECT_CACHE_PROXYFORURL_IE_PACURL,crowdstrike_ConnectType.csv
ConnectionCipher,0,NO_ENCRYPTION,crowdstrike_ConnectionCipher.csv
ConnectionCipher,26113,CALG_DES,crowdstrike_ConnectionCipher.csv
ConnectionCipher,26114,CALG_RC2,crowdstrike_ConnectionCipher.csv
ConnectionCipher,26115,CALG_3DES,crowdstrike_ConnectionCipher.csv
ConnectionCipher,26126,CALG_AES_128,crowdstrike_ConnectionCipher.csv
ConnectionCipher,26128,CALG_AES_256,crowdstrike_ConnectionCipher.csv
ConnectionCipher,26625,CALG_RC4,crowdstrike_ConnectionCipher.csv
ConnectionDirection,0,DIRECTION_OUTBOUND,crowdstrike_ConnectionDirection.csv
ConnectionDirection,1,DIRECTION_INBOUND,crowdstrike_ConnectionDirection.csv
ConnectionDirection,2,DIRECTION_NEITHER,crowdstrike_ConnectionDirection.csv
ConnectionDirection,3,DIRECTION_BOTH,crowdstrike_ConnectionDirection.csv
ConnectionExchange,41984,CALG_RSA_KEYX,crowdstrike_ConnectionExchange.csv
ConnectionExchange,43522,CALG_DH_EPHEM,crowdstrike_ConnectionExchange.csv
ConnectionHash,32771,CALG_MD5,crowdstrike_ConnectionHash.csv
ConnectionHash,32772,CALG_SHA,crowdstrike_ConnectionHash.csv
ConnectionHash,32780,CALG_SHA_256,crowdstrike_ConnectionHash.csv
ConnectionHash,32781,CALG_SHA_384,crowdstrike_ConnectionHash.csv
ConnectionProtocol,1,SP_PROT_PCT1_SERVER,crowdstrike_ConnectionProtocol.csv
ConnectionProtocol,2,SP_PROT_PCT1_CLIENT,crowdstrike_ConnectionProtocol.csv
ConnectionProtocol,4,SP_PROT_SSL2_SERVER,crowdstrike_ConnectionProtocol.csv
ConnectionProtocol,8,SP_PROT_SSL2_CLIENT,crowdstrike_ConnectionProtocol.csv
ConnectionProtocol,16,SP_PROT_SSL3_SERVER,crowdstrike_ConnectionProtocol.csv
ConnectionProtocol,32,SP_PROT_SSL3_CLIENT,crowdstrike_ConnectionProtocol.csv
ConnectionProtocol,64,SP_PROT_TLS1_SERVER,crowdstrike_ConnectionProtocol.csv
ConnectionProtocol,128,SP_PROT_TLS1_CLIENT,crowdstrike_ConnectionProtocol.csv
ConnectionProtocol,256,SP_PROT_TLS1_1_SERVER,crowdstrike_ConnectionProtocol.csv
ConnectionProtocol,512,SP_PROT_TLS1_1_CLIENT,crowdstrike_ConnectionProtocol.csv
ConnectionProtocol,1024,SP_PROT_TLS1_2_SERVER,crowdstrike_ConnectionProtocol.csv
ConnectionProtocol,2048,SP_PROT_TLS1_2_CLIENT,crowdstrike_ConnectionProtocol.csv
ContainerizationErrorCode,0,NO_ERROR,crowdstrike_ContainerizationErrorCode.csv
ContainerizationErrorCode,1,UNKNOWN_ERROR,crowdstrike_ContainerizationErrorCode.csv
ContainerizationErrorCode,2,NOT_ENOUGH_SPACE_ERROR,crowdstrike_ContainerizationErrorCode.csv
ContainerizationErrorCode,3,METERED_NETWORK_ERROR,crowdstrike_ContainerizationErrorCode.csv
ContainerizationErrorCode,4,NETWORK_ERROR,crowdstrike_ContainerizationErrorCode.csv
ContainerizationErrorCode,5,IO_ERROR,crowdstrike_ContainerizationErrorCode.csv
ControlStatus,0,SCAN_STARTED,crowdstrike_ControlStatus.csv
ControlStatus,1,SCAN_FINISHED,crowdstrike_ControlStatus.csv
ControlStatus,2,SCAN_ERROR_ENCOUNTERED,crowdstrike_ControlStatus.csv
ControlStatus,3,ACCOUNT_STATUS_CHANGED,crowdstrike_ControlStatus.csv
ControlStatus,4,SEARCH_STARTED,crowdstrike_ControlStatus.csv
ControlStatus,5,SEARCH_FINISHED,crowdstrike_ControlStatus.csv
CpuVendor,0,INTEL,crowdstrike_CpuVendor.csv
CpuVendor,1,AMD,crowdstrike_CpuVendor.csv
CrashLoadedModulesVersion,0,INITIAL_VERSION,crowdstrike_CrashLoadedModulesVersion.csv
CrashThreadCallStackVersion,0,INITIAL_VERSION,crowdstrike_CrashThreadCallStackVersion.csv
CreateProcessType,0,UNAVAILABLE,crowdstrike_CreateProcessType.csv
CreateProcessType,1,UNKNOWN,crowdstrike_CreateProcessType.csv
CreateProcessType,2,NTCREATEPROCESS,crowdstrike_CreateProcessType.csv
CreateProcessType,3,CREATEPROCESS,crowdstrike_CreateProcessType.csv
CreateProcessType,4,SHELLEXECUTE,crowdstrike_CreateProcessType.csv
CreateProcessType,5,CRT_SYSTEM,crowdstrike_CreateProcessType.csv
CurrentFunctionalityLevel,255,CURRENT_FUNCTIONALITY_LEVEL_UNKNOWN,crowdstrike_CurrentFunctionalityLevel.csv
DcPolicyAction,0,ALLOW,crowdstrike_DcPolicyAction.csv
DcPolicyAction,1,BLOCK,crowdstrike_DcPolicyAction.csv
DcPolicyAction,2,MASSSTORAGE,crowdstrike_DcPolicyAction.csv
DcPolicyBlockTechnique,0,NONE,crowdstrike_DcPolicyBlockTechnique.csv
DcPolicyBlockTechnique,1,ANY,crowdstrike_DcPolicyBlockTechnique.csv
DcPolicyBlockTechnique,2,INSTALLATION_STRINGS,crowdstrike_DcPolicyBlockTechnique.csv
DcPolicyBlockTechnique,3,START_IRP,crowdstrike_DcPolicyBlockTechnique.csv
DcPolicyMatchMethod,1,DEVICECLASS,crowdstrike_DcPolicyMatchMethod.csv
DcPolicyMatchMethod,2,DEVICECLASS_VID,crowdstrike_DcPolicyMatchMethod.csv
DcPolicyMatchMethod,3,DEVICECLASS_VID_PID,crowdstrike_DcPolicyMatchMethod.csv
DcPolicyMatchMethod,4,DEVICECLASS_VID_PID_SERIAL,crowdstrike_DcPolicyMatchMethod.csv
DcPolicyMatchMethod,5,DEVICECLASS_SUBCLASS_PROTOCOL,crowdstrike_DcPolicyMatchMethod.csv
DcPolicyMatchMethod,6,ANYCLASS_VID,crowdstrike_DcPolicyMatchMethod.csv
DcPolicyMatchMethod,7,ANYCLASS_VID_PID,crowdstrike_DcPolicyMatchMethod.csv
DcPolicyMatchMethod,8,ANYCLASS_VID_PID_SERIAL,crowdstrike_DcPolicyMatchMethod.csv
DeactivationErrorCode,0,NO_ERROR,crowdstrike_DeactivationErrorCode.csv
DeactivationErrorCode,1,UNKNOWN_ERROR,crowdstrike_DeactivationErrorCode.csv
DeactivationErrorCode,2,CONTAINER_SHUTDOWN_ERROR,crowdstrike_DeactivationErrorCode.csv
DeactivationErrorCode,3,CONTAINER_WIPE_ERROR,crowdstrike_DeactivationErrorCode.csv
DeviceConnectionStatus,1,CONNECTED,crowdstrike_DeviceConnectionStatus.csv
DeviceConnectionStatus,2,FAILED_ENUMERATION,crowdstrike_DeviceConnectionStatus.csv
DeviceConnectionStatus,3,GENERAL_FAILURE,crowdstrike_DeviceConnectionStatus.csv
DeviceConnectionStatus,4,CAUSED_OVER_CURRENT,crowdstrike_DeviceConnectionStatus.csv
DeviceConnectionStatus,5,NOT_ENOUGH_POWER,crowdstrike_DeviceConnectionStatus.csv
DeviceConnectionStatus,6,NOT_ENOUGH_BANDWIDTH,crowdstrike_DeviceConnectionStatus.csv
DeviceConnectionStatus,7,HUB_NESTED_TOO_DEEPLY,crowdstrike_DeviceConnectionStatus.csv
DeviceConnectionStatus,8,IN_LEGACY_HUB,crowdstrike_DeviceConnectionStatus.csv
DeviceConnectionStatus,9,ENUMERATING,crowdstrike_DeviceConnectionStatus.csv
DeviceConnectionStatus,10,RESET,crowdstrike_DeviceConnectionStatus.csv
DnsResponseType,0,UNKNOWN,crowdstrike_DnsResponseType.csv
DnsResponseType,1,CACHE,crowdstrike_DnsResponseType.csv
DnsResponseType,2,WIRE,crowdstrike_DnsResponseType.csv
DriverLoadFlags,0,NONE,crowdstrike_DriverLoadFlags.csv
DriverLoadFlags,1,DRIVER_RUNDOWN,crowdstrike_DriverLoadFlags.csv
EndpointDescriptorAttributes,0,CONTROL_TRANSFER,crowdstrike_EndpointDescriptorAttributes.csv
EndpointDescriptorAttributes,1,ISOCHRONOUS_NOSYNCH_DATA_TRANSFER,crowdstrike_EndpointDescriptorAttributes.csv
EndpointDescriptorAttributes,2,BULK_TRANSFER,crowdstrike_EndpointDescriptorAttributes.csv
EndpointDescriptorAttributes,3,PERIODIC_INTERRUPT_TRANSFER,crowdstrike_EndpointDescriptorAttributes.csv
EndpointDescriptorAttributes,5,ISOCHRONOUS_ASYNCH_DATA_TRANSFER,crowdstrike_EndpointDescriptorAttributes.csv
EndpointDescriptorAttributes,9,ISOCHRONOUS_ADAPTIVE_DATA_TRANSFER,crowdstrike_EndpointDescriptorAttributes.csv
EndpointDescriptorAttributes,13,ISOCHRONOUS_SYNCH_DATA_TRANSFER,crowdstrike_EndpointDescriptorAttributes.csv
EndpointDescriptorAttributes,17,ISOCHRONOUS_NOSYNCH_FEEDBACK_TRANSFER,crowdstrike_EndpointDescriptorAttributes.csv
EndpointDescriptorAttributes,19,NOTIFICATION_INTERRUPT_TRANSFER,crowdstrike_EndpointDescriptorAttributes.csv
EndpointDescriptorAttributes,21,ISOCHRONOUS_ASYNCH_FEEDBACK_TRANSFER,crowdstrike_EndpointDescriptorAttributes.csv
EndpointDescriptorAttributes,25,ISOCHRONOUS_ADAPTIVE_FEEDBACK_TRANSFER,crowdstrike_EndpointDescriptorAttributes.csv
EndpointDescriptorAttributes,29,ISOCHRONOUS_SYNCH_FEEDBACK_TRANSFER,crowdstrike_EndpointDescriptorAttributes.csv
EndpointDescriptorAttributes,33,ISOCHRONOUS_NOSYNCH_IMPLICIT_FEEDBACK_TRANSFER,crowdstrike_EndpointDescriptorAttributes.csv
EndpointDescriptorAttributes,37,ISOCHRONOUS_ASYNCH_IMPLICIT_FEEDBACK_TRANSFER,crowdstrike_EndpointDescriptorAttributes.csv
EndpointDescriptorAttributes,41,ISOCHRONOUS_ADAPTIVE_IMPLICIT_FEEDBACK_TRANSFER,crowdstrike_EndpointDescriptorAttributes.csv
EndpointDescriptorAttributes,45,ISOCHRONOUS_SYNCH_IMPLICIT_FEEDBACK_TRANSFER,crowdstrike_EndpointDescriptorAttributes.csv
ErrorSource,0,ERROR_SOURCE_INVALID_LOW,crowdstrike_ErrorSource.csv
ErrorSource,1,ERROR_SOURCE_ETW_LIB,crowdstrike_ErrorSource.csv
ErrorSource,2,ERROR_SOURCE_ETW_CONSUMER,crowdstrike_ErrorSource.csv
ErrorStatus,1611792385,WARNING_CONFIGZERO_FALLBACK,crowdstrike_ErrorStatus.csv
ErrorStatus,3759276032,ERROR_UNSPECIFIC_FAILURE,crowdstrike_ErrorStatus.csv
ErrorStatus,3759276033,ERROR_UNHANDLED_EVENT_TYPE,crowdstrike_ErrorStatus.csv
ErrorStatus,3759276034,ERROR_REGISTRY_LEFT_OPEN,crowdstrike_ErrorStatus.csv
ErrorStatus,3759276035,ERROR_SERVICE_RESTART,crowdstrike_ErrorStatus.csv
ErrorStatus,3759276036,ERROR_RPC_PROXY_TYPE,crowdstrike_ErrorStatus.csv
ErrorStatus,3759276037,ERROR_RELEASE_MISMATCH,crowdstrike_ErrorStatus.csv
ErrorStatus,3759276038,ERROR_MISSING_AID,crowdstrike_ErrorStatus.csv
ErrorStatus,3759276039,ERROR_OSFM_FEATURE_MISSING,crowdstrike_ErrorStatus.csv
ErrorStatus,3759276040,ERROR_UPDATE_FAILURE,crowdstrike_ErrorStatus.csv
ErrorStatus,3759276041,ERROR_UNSUPPORTED_COMPUTER_CONFIGURATION,crowdstrike_ErrorStatus.csv
ErrorStatus,3759276042,ERROR_USER_CALLBACK_REGISTRATION_FAILED,crowdstrike_ErrorStatus.csv
ErrorStatus,3759276043,ERROR_UM_INJECTION_ABORTED,crowdstrike_ErrorStatus.csv
ErrorStatus,3759276044,ERROR_UNLOAD_FAILURE,crowdstrike_ErrorStatus.csv
ErrorStatus,3759276045,ERROR_UM_INJECTION_FAILURE,crowdstrike_ErrorStatus.csv
ErrorStatus,3759276046,ERROR_INLINE_HOOKING_FAILED,crowdstrike_ErrorStatus.csv
ErrorStatus,3759276047,ERROR_DEVICE_CONTROL_ECL_INTERFACE_CONNECTION_FAILED,crowdstrike_ErrorStatus.csv
ErrorStatus,3759276048,ERROR_DEVICE_CONTROL_NOTIFY_CALLBACK_FAILED,crowdstrike_ErrorStatus.csv
ErrorStatus,3759276049,ERROR_DEVICE_CONTROL_INTERFACE_COMMAND_FAILED,crowdstrike_ErrorStatus.csv
ErrorStatus,3759276050,ERROR_DEVICE_CONTROL_NO_INSTANCE_ID,crowdstrike_ErrorStatus.csv
ErrorStatus,3759276051,ERROR_DEVICE_CONTROL_INTERFACE_FDO_FAILED,crowdstrike_ErrorStatus.csv
ErrorStatus,3759276052,ERROR_DEVICE_CONTROL_SAFE_MODE_DETECTED,crowdstrike_ErrorStatus.csv
ErrorStatus,3759276053,ERROR_DEVICE_CONTROL_DEVICE_ATTACH_FAILED,crowdstrike_ErrorStatus.csv
ErrorStatus,3759276054,ERROR_DEVICE_CONTROL_NO_PARENT_HUB_INFO,crowdstrike_ErrorStatus.csv
ErrorStatus,3759276055,ERROR_DEVICE_CONTROL_ENUMERATION_FAILED,crowdstrike_ErrorStatus.csv
ErrorStatus,3759276056,ERROR_DEVICE_CONTROL_DEVICE_START_FAILED,crowdstrike_ErrorStatus.csv
ErrorStatus,3759276057,ERROR_UM_PROXYDISCOVERY_FAILURE,crowdstrike_ErrorStatus.csv
ErrorStatus,3759276058,ERROR_UMPPA_INITIALIZATION_FAILURE,crowdstrike_ErrorStatus.csv
ErrorStatus,3759276059,ERROR_REMOTE_FILE_TOO_LARGE,crowdstrike_ErrorStatus.csv
ErrorStatus,3759276060,ERROR_UM_INJECTION_BAD_ALERT,crowdstrike_ErrorStatus.csv
ErrorStatus,3759276061,ERROR_CSA_THREAD_TERMINATING,crowdstrike_ErrorStatus.csv
ErrorStatus,3759276062,ERROR_DEVICE_CONTROL_POLICY_MANAGER_FAILURE,crowdstrike_ErrorStatus.csv
ErrorStatus,3759276063,ERROR_FS_DEVICE_INSTANCE_ID_RETRIEVAL_FAILURE,crowdstrike_ErrorStatus.csv
ErrorStatus,3759276064,ERROR_QUARANTINE_DELETE_RETRIES_EXCEEDED,crowdstrike_ErrorStatus.csv
ErrorStatus,3759276065,ERROR_DEVICE_CONTROL_SERIAL_NUMBER_MISSING,crowdstrike_ErrorStatus.csv
ErrorStatus,3759276066,ERROR_UM_INVALID_THREAD,crowdstrike_ErrorStatus.csv
ErrorStatus,3759276067,ERROR_UM_CFG_CHECK,crowdstrike_ErrorStatus.csv
ErrorStatus,3759276068,ERROR_UM_FILE_SECTION,crowdstrike_ErrorStatus.csv
ErrorStatus,3759276069,ERROR_UM_ADDRESS_LOOKUP,crowdstrike_ErrorStatus.csv
ErrorStatus,3759276070,ERROR_UM_INSERT_APC,crowdstrike_ErrorStatus.csv
ErrorStatus,3759276071,ERROR_UM_COPY_FAILURE,crowdstrike_ErrorStatus.csv
ErrorStatus,3759276072,ERROR_UMPPC_FAILED_TO_LOAD,crowdstrike_ErrorStatus.csv
ErrorStatus,3759276073,ERROR_UMPPC_LOAD_ERROR,crowdstrike_ErrorStatus.csv
ErrorStatus,3759276074,ERROR_CLEARCASE_MVFS_FILE_TOO_LARGE,crowdstrike_ErrorStatus.csv
ErrorStatus,3759276075,ERROR_UMPPA_INIT_UMPPC,crowdstrike_ErrorStatus.csv
ErrorStatus,3759276076,ERROR_UMPPA_INIT_EXTENSIONS,crowdstrike_ErrorStatus.csv
ErrorStatus,3759276077,ERROR_MODULE_LOAD_DISABLED,crowdstrike_ErrorStatus.csv
ErrorStatus,3759276078,ERROR_UMPPA_CHANNEL_NOTIFICATION_FAILURE,crowdstrike_ErrorStatus.csv
ErrorStatus,3759276079,ERROR_PROCESS_RUNDOWN_PROCESS_LIST_FAILURE,crowdstrike_ErrorStatus.csv
ErrorStatus,3759276080,ERROR_PROCESS_RUNDOWN_SPR2_FAILURE,crowdstrike_ErrorStatus.csv
ErrorStatus,3759276081,ERROR_SPOTLIGHT_ENUMERATION_FAILED,crowdstrike_ErrorStatus.csv
ErrorStatus,3759276082,ERROR_ZTA_FILE_WRITE_FAILED,crowdstrike_ErrorStatus.csv
ErrorStatus,3759276083,ERROR_ZTA_HASH_STORE_FAILED,crowdstrike_ErrorStatus.csv
ErrorStatus,3759276084,ERROR_ZTA_CURRENT_DISABLED,crowdstrike_ErrorStatus.csv
ErrorStatus,3759276085,ERROR_ZTA_FILE_EMPTY,crowdstrike_ErrorStatus.csv
ErrorStatus,3759276086,ERROR_ZTA_FILE_ACCESS_FAILED,crowdstrike_ErrorStatus.csv
ErrorStatus,3759276087,ERROR_ZTA_LOCATION_UNSUPPORTED,crowdstrike_ErrorStatus.csv
ErrorStatus,3759276088,ERROR_ZTA_ACL_UNSUPPORTED,crowdstrike_ErrorStatus.csv
ErrorStatus,3759276089,ERROR_ZTA_FILE_HANDLE_INVALID,crowdstrike_ErrorStatus.csv
ErrorStatus,3759276090,ERROR_USERIDENTITY_LOGONDATA_FAILURE,crowdstrike_ErrorStatus.csv
ErrorStatus,3759276091,ERROR_EVENT_MISSING_REQUIRED_FIELD,crowdstrike_ErrorStatus.csv
ErrorStatus,3759276092,ERROR_FIELD_DOES_NOT_EXIST,crowdstrike_ErrorStatus.csv
EtwChannelType,0,NULL_SECURE_CHANNEL,crowdstrike_EtwChannelType.csv
EtwChannelType,1,MSV_AP_SECURE_CHANNEL_,crowdstrike_EtwChannelType.csv
EtwChannelType,2,WORKSTATION_SECURE_CHANNEL,crowdstrike_EtwChannelType.csv
EtwChannelType,3,TRUSTED_DNS_DOMAIN_SECURE_CHANNEL,crowdstrike_EtwChannelType.csv
EtwChannelType,4,TRUSTED_COMAIN_SECURE_CHANNEL,crowdstrike_EtwChannelType.csv
EtwChannelType,5,UAS_SERVER_SECURE_CHANNEL,crowdstrike_EtwChannelType.csv
EtwChannelType,6,SERVER_SECURE_CHANNEL,crowdstrike_EtwChannelType.csv
EtwChannelType,7,CDC_SERVER_SECURE_CHANNEL,crowdstrike_EtwChannelType.csv
ExceptionCode,0,STATUS_SUCCESS,crowdstrike_ExceptionCode.csv
ExceptionCode,1611595795,STATUS_UMPP_DELAY_HOOK,crowdstrike_ExceptionCode.csv
ExceptionCode,3221225477,EXCEPTION_ACCESS_VIOLATION,crowdstrike_ExceptionCode.csv
ExceptionCode,3221225501,STATUS_ILLEGAL_INSTRUCTION,crowdstrike_ExceptionCode.csv
ExceptionCode,3221225622,STATUS_PRIVILEGED_INSTRUCTION,crowdstrike_ExceptionCode.csv
ExceptionCode,3759079483,STATUS_UMPP_NO_HOOK_ACG,crowdstrike_ExceptionCode.csv
ExceptionCode,3759079500,STATUS_UMPP_INJECTION_UWP_ABORTED,crowdstrike_ExceptionCode.csv
ExceptionCode,3759079520,STATUS_UMPP_INJECTION_SECUREPROCESS_ABORTED,crowdstrike_ExceptionCode.csv
ExceptionCode,3759079521,STATUS_UMPP_INJECTION_PROTECTEDPROCESS_ABORTED,crowdstrike_ExceptionCode.csv
ExceptionCode,3759079522,STATUS_UMPP_INJECTION_MITIGATIONS_ABORTED,crowdstrike_ExceptionCode.csv
ExceptionCode,3759079523,STATUS_UMPP_INJECTION_AVCOMPAT_ABORTED,crowdstrike_ExceptionCode.csv
ExceptionInformation0,0,INVALID_READ,crowdstrike_ExceptionInformation0.csv
ExceptionInformation0,1,INVALID_WRITE,crowdstrike_ExceptionInformation0.csv
ExceptionInformation0,8,INVALID_EXECUTE,crowdstrike_ExceptionInformation0.csv
ExclusionSource,1,PPDM_PROCESS_EXCLUSION,crowdstrike_ExclusionSource.csv
ExclusionSource,2,PPDM_TREE_EXCLUSION,crowdstrike_ExclusionSource.csv
ExclusionSource,4,LEGACY_SBDM_EXCLUSION,crowdstrike_ExclusionSource.csv
ExclusionSource,5,ALLOWED_BY_ENGINE,crowdstrike_ExclusionSource.csv
ExclusionSource,6,CUSTOMER_EXCLUSION,crowdstrike_ExclusionSource.csv
ExclusionType,1,BEHAVIORAL_IOA,crowdstrike_ExclusionType.csv
ExclusionType,2,HASH_BASED_IOC,crowdstrike_ExclusionType.csv
ExecutionPivot,0,NONE,crowdstrike_ExecutionPivot.csv
ExecutionPivot,1,NEW_THREAD,crowdstrike_ExecutionPivot.csv
ExecutionPivot,2,THREAD_CONTEXT,crowdstrike_ExecutionPivot.csv
ExecutionPivot,4,PROTECT_EXEC,crowdstrike_ExecutionPivot.csv
FalconServiceComponent,0,FALCON_SERVICE_INVALID_SOURCE,crowdstrike_FalconServiceComponent.csv
FalconServiceComponent,1,FALCON_SERVICE_SERVLET_UNIT,crowdstrike_FalconServiceComponent.csv
FalconServiceComponent,2,FALCON_SERVICE_CORE,crowdstrike_FalconServiceComponent.csv
FalconServiceComponent,3,FALCON_SERVICE_SERVLET_FXML,crowdstrike_FalconServiceComponent.csv
FalconServiceState,0,FALCON_STATE_INVALID,crowdstrike_FalconServiceState.csv
FalconServiceState,1,FALCON_STATE_RUNNING,crowdstrike_FalconServiceState.csv
FalconServiceState,2,FALCON_STATE_STOPPED,crowdstrike_FalconServiceState.csv
FalconServiceState,3,FALCON_STATE_ERROR,crowdstrike_FalconServiceState.csv
FileEventType,0,FILE_RENAMED,crowdstrike_FileEventType.csv
FileEventType,1,FILE_MODIFIED,crowdstrike_FileEventType.csv
FileEventType,2,FILE_DELETED,crowdstrike_FileEventType.csv
FileKnownStatus,0,FILE_KNOWN,crowdstrike_FileKnownStatus.csv
FileKnownStatus,1,FILE_UNKNOWN,crowdstrike_FileKnownStatus.csv
FileKnownStatus,2,UNSURE,crowdstrike_FileKnownStatus.csv
FileKnownStatus,3,LIGHTNING_TIMEOUT,crowdstrike_FileKnownStatus.csv
FileKnownStatus,4,SENSOR_OFFLINE,crowdstrike_FileKnownStatus.csv
FileKnownStatus,5,FILE_EXCLUDED,crowdstrike_FileKnownStatus.csv
FileSubType,0,NONE,crowdstrike_FileSubType.csv
FileSubType,1,PE_PACKER_ASPACK,crowdstrike_FileSubType.csv
FileSubType,2,PE_PACKER_MPRESS,crowdstrike_FileSubType.csv
FileSubType,3,PE_PACKER_THEMIDA,crowdstrike_FileSubType.csv
FileSubType,4,PE_PACKER_UPX,crowdstrike_FileSubType.csv
FileSubType,5,PE_PACKER_VMPROTECT,crowdstrike_FileSubType.csv
FileSystemOperationType,0,OP_INVALID,crowdstrike_FileSystemOperationType.csv
FileSystemOperationType,1,OP_RENAME,crowdstrike_FileSystemOperationType.csv
FileSystemOperationType,2,OP_DELETE,crowdstrike_FileSystemOperationType.csv
FileWrittenFlags,0,HASH_IS_VALID,crowdstrike_FileWrittenFlags.csv
FileWrittenFlags,1,HASH_FAILED,crowdstrike_FileWrittenFlags.csv
FileWrittenFlags,2,HASH_ABORTED_TOO_LARGE,crowdstrike_FileWrittenFlags.csv
FirewallAction,0,INVALID_ACTION,crowdstrike_FirewallAction.csv
FirewallAction,1,ALLOW,crowdstrike_FirewallAction.csv
FirewallAction,2,DENY,crowdstrike_FirewallAction.csv
FirewallProfile,0,INVALID,crowdstrike_FirewallProfile.csv
FirewallProfile,1,DOMAIN,crowdstrike_FirewallProfile.csv
FirewallProfile,2,STANDARD,crowdstrike_FirewallProfile.csv
FirewallProfile,3,PUBLIC,crowdstrike_FirewallProfile.csv
FirmwareAnalysisErrorSource,0,FA_ERROR_SOURCE_INVALID_LOW,crowdstrike_FirmwareAnalysisErrorSource.csv
FirmwareAnalysisErrorSource,1,FA_ERROR_SOURCE_IMAGE_PARSER,crowdstrike_FirmwareAnalysisErrorSource.csv
FirmwareAnalysisErrorSource,2,FA_ERROR_SOURCE_IMAGE_ANALYSIS_ACTOR,crowdstrike_FirmwareAnalysisErrorSource.csv
FirmwareAnalysisErrorSource,3,FA_ERROR_SOURCE_SECURITY_ANALYSIS_ACTOR,crowdstrike_FirmwareAnalysisErrorSource.csv
FirmwareType,0,FIRMWARE_TYPE_INVALID_LOW,crowdstrike_FirmwareType.csv
FirmwareType,1,FIRMWARE_TYPE_UEFI,crowdstrike_FirmwareType.csv
FontLoadOperation,0,FONT_ADD_FROM_FILE,crowdstrike_FontLoadOperation.csv
FontLoadOperation,1,FONT_ADD_FROM_MEM,crowdstrike_FontLoadOperation.csv
FontLoadOperation,2,FONT_ADD_TO_DC,crowdstrike_FontLoadOperation.csv
FsOperationClassification,0,CLASS_INVALID,crowdstrike_FsOperationClassification.csv
FsOperationClassification,1,CLASS_SUPPRESS,crowdstrike_FsOperationClassification.csv
FsOperationClassification,2,CLASS_GENERIC,crowdstrike_FsOperationClassification.csv
FsOperationClassification,3,CLASS_INJECTED_DLLS_MODIFY,crowdstrike_FsOperationClassification.csv
FsOperationClassification,4,CLASS_SERVICE_BINS_MODIFY,crowdstrike_FsOperationClassification.csv
FsOperationClassification,5,CLASS_CORE_DRIVERS_MODIFY,crowdstrike_FsOperationClassification.csv
FsOperationClassification,6,CLASS_EXTRA_DRIVERS_MODIFY,crowdstrike_FsOperationClassification.csv
FsOperationClassification,7,CLASS_SUPPORT_TOOLS_MODIFY,crowdstrike_FsOperationClassification.csv
FsOperationClassification,8,CLASS_INSTALLER_CACHES_MODIFY,crowdstrike_FsOperationClassification.csv
FsOperationClassification,9,CLASS_OSFM_AND_CHANNELS_MODIFY,crowdstrike_FsOperationClassification.csv
FsOperationClassification,10,CLASS_CS_PROGRAM_FILES_MODIFY,crowdstrike_FsOperationClassification.csv
FsOperationClassification,11,CLASS_SUPPRESS_V1,crowdstrike_FsOperationClassification.csv
FsOperationClassification,12,CLASS_GENERIC_V1,crowdstrike_FsOperationClassification.csv
FsOperationClassification,13,CLASS_INJECTED_DLLS_MODIFY_V1,crowdstrike_FsOperationClassification.csv
FsOperationClassification,14,CLASS_SERVICE_BINS_MODIFY_V1,crowdstrike_FsOperationClassification.csv
FsOperationClassification,15,CLASS_CORE_DRIVERS_MODIFY_V1,crowdstrike_FsOperationClassification.csv
FsOperationClassification,16,CLASS_EXTRA_DRIVERS_MODIFY_V1,crowdstrike_FsOperationClassification.csv
FsOperationClassification,17,CLASS_SUPPORT_TOOLS_MODIFY_V1,crowdstrike_FsOperationClassification.csv
FsOperationClassification,18,CLASS_INSTALLER_CACHES_MODIFY_V1,crowdstrike_FsOperationClassification.csv
FsOperationClassification,19,CLASS_OSFM_AND_CHANNELS_MODIFY_V1,crowdstrike_FsOperationClassification.csv
FsOperationClassification,20,ANTI_TAMPERING_END_BOUNDARY_V1,crowdstrike_FsOperationClassification.csv
FsOperationClassification,21,CLASS_INJECTED_DLLS_MODIFY_V2,crowdstrike_FsOperationClassification.csv
FsOperationClassification,22,CLASS_SERVICE_BINS_MODIFY_V2,crowdstrike_FsOperationClassification.csv
FsOperationClassification,23,CLASS_CORE_DRIVERS_MODIFY_V2,crowdstrike_FsOperationClassification.csv
FsOperationClassification,24,CLASS_EXTRA_DRIVERS_MODIFY_V2,crowdstrike_FsOperationClassification.csv
FsOperationClassification,25,CLASS_INSTALLER_CACHES_MODIFY_V2,crowdstrike_FsOperationClassification.csv
FsOperationClassification,26,CLASS_OSFM_AND_CHANNELS_MODIFY_V2,crowdstrike_FsOperationClassification.csv
FsOperationClassification,27,ANTI_TAMPERING_END_BOUNDARY_V2,crowdstrike_FsOperationClassification.csv
FsOperationClassification,31,CLASS_TAMPER_END_BOUNDARY,crowdstrike_FsOperationClassification.csv
FsOperationClassification,32,CLASS_GENERIC_START_BOUNDARY,crowdstrike_FsOperationClassification.csv
FsOperationClassification,511,CLASS_GENERIC_END_BOUNDARY,crowdstrike_FsOperationClassification.csv
HIDDescriptorCountryCode,0,NOT_SUPPORTED,crowdstrike_HIDDescriptorCountryCode.csv
HIDDescriptorCountryCode,1,ARABIC,crowdstrike_HIDDescriptorCountryCode.csv
HIDDescriptorCountryCode,2,BELGIAN,crowdstrike_HIDDescriptorCountryCode.csv
HIDDescriptorCountryCode,3,CANADIAN_BILINGUAL,crowdstrike_HIDDescriptorCountryCode.csv
HIDDescriptorCountryCode,4,CANADIAN_FRENCH,crowdstrike_HIDDescriptorCountryCode.csv
HIDDescriptorCountryCode,5,CZECH_REPUBLIC,crowdstrike_HIDDescriptorCountryCode.csv
HIDDescriptorCountryCode,6,DANISH,crowdstrike_HIDDescriptorCountryCode.csv
HIDDescriptorCountryCode,7,FINNISH,crowdstrike_HIDDescriptorCountryCode.csv
HIDDescriptorCountryCode,8,FRENCH,crowdstrike_HIDDescriptorCountryCode.csv
HIDDescriptorCountryCode,9,GERMAN,crowdstrike_HIDDescriptorCountryCode.csv
HIDDescriptorCountryCode,10,GREEK,crowdstrike_HIDDescriptorCountryCode.csv
HIDDescriptorCountryCode,11,HEBREW,crowdstrike_HIDDescriptorCountryCode.csv
HIDDescriptorCountryCode,12,HUNGARY,crowdstrike_HIDDescriptorCountryCode.csv
HIDDescriptorCountryCode,13,INTERNATIONAL_ISO,crowdstrike_HIDDescriptorCountryCode.csv
HIDDescriptorCountryCode,14,ITALIAN,crowdstrike_HIDDescriptorCountryCode.csv
HIDDescriptorCountryCode,15,JAPAN_KATAKANA,crowdstrike_HIDDescriptorCountryCode.csv
HIDDescriptorCountryCode,16,KOREAN,crowdstrike_HIDDescriptorCountryCode.csv
HIDDescriptorCountryCode,17,LATIN_AMERICAN,crowdstrike_HIDDescriptorCountryCode.csv
HIDDescriptorCountryCode,18,NETHERLANDS_DUTCH,crowdstrike_HIDDescriptorCountryCode.csv
HIDDescriptorCountryCode,19,NORWEGIAN,crowdstrike_HIDDescriptorCountryCode.csv
HIDDescriptorCountryCode,20,PERSIAN_FARSI,crowdstrike_HIDDescriptorCountryCode.csv
HIDDescriptorCountryCode,21,POLAND,crowdstrike_HIDDescriptorCountryCode.csv
HIDDescriptorCountryCode,22,PORTUGUESE,crowdstrike_HIDDescriptorCountryCode.csv
HIDDescriptorCountryCode,23,RUSSIA,crowdstrike_HIDDescriptorCountryCode.csv
HIDDescriptorCountryCode,24,SLOVAKIA,crowdstrike_HIDDescriptorCountryCode.csv
HIDDescriptorCountryCode,25,SPANISH,crowdstrike_HIDDescriptorCountryCode.csv
HIDDescriptorCountryCode,26,SWEDISH,crowdstrike_HIDDescriptorCountryCode.csv
HIDDescriptorCountryCode,27,SWISS_FRENCH,crowdstrike_HIDDescriptorCountryCode.csv
HIDDescriptorCountryCode,28,SWISS_GERMAN,crowdstrike_HIDDescriptorCountryCode.csv
HIDDescriptorCountryCode,29,SWITZERLAND,crowdstrike_HIDDescriptorCountryCode.csv
HIDDescriptorCountryCode,30,TAIWAN,crowdstrike_HIDDescriptorCountryCode.csv
HIDDescriptorCountryCode,31,TURKISH_Q,crowdstrike_HIDDescriptorCountryCode.csv
HIDDescriptorCountryCode,32,UK,crowdstrike_HIDDescriptorCountryCode.csv
HIDDescriptorCountryCode,33,US,crowdstrike_HIDDescriptorCountryCode.csv
HIDDescriptorCountryCode,34,YUGOSLAVIA,crowdstrike_HIDDescriptorCountryCode.csv
HIDDescriptorCountryCode,35,TURKISH_F,crowdstrike_HIDDescriptorCountryCode.csv
HarmfulAppCategory,1,HARMFUL_CATEGORY_RANSOMWARE,crowdstrike_HarmfulAppCategory.csv
HarmfulAppCategory,2,HARMFUL_CATEGORY_PHISHING,crowdstrike_HarmfulAppCategory.csv
HarmfulAppCategory,3,HARMFUL_CATEGORY_TROJAN,crowdstrike_HarmfulAppCategory.csv
HarmfulAppCategory,4,HARMFUL_CATEGORY_UNCOMMON,crowdstrike_HarmfulAppCategory.csv
HarmfulAppCategory,5,HARMFUL_CATEGORY_FRAUDWARE,crowdstrike_HarmfulAppCategory.csv
HarmfulAppCategory,6,HARMFUL_CATEGORY_TOLL_FRAUD,crowdstrike_HarmfulAppCategory.csv
HarmfulAppCategory,7,HARMFUL_CATEGORY_WAP_FRAUD,crowdstrike_HarmfulAppCategory.csv
HarmfulAppCategory,8,HARMFUL_CATEGORY_CALL_FRAUD,crowdstrike_HarmfulAppCategory.csv
HarmfulAppCategory,9,HARMFUL_CATEGORY_BACKDOOR,crowdstrike_HarmfulAppCategory.csv
HarmfulAppCategory,10,HARMFUL_CATEGORY_SPYWARE,crowdstrike_HarmfulAppCategory.csv
HarmfulAppCategory,11,HARMFUL_CATEGORY_GENERIC_MALWARE,crowdstrike_HarmfulAppCategory.csv
HarmfulAppCategory,12,HARMFUL_CATEGORY_HARMFUL_SITE,crowdstrike_HarmfulAppCategory.csv
HarmfulAppCategory,13,HARMFUL_CATEGORY_WINDOWS_MALWARE,crowdstrike_HarmfulAppCategory.csv
HarmfulAppCategory,14,HARMFUL_CATEGORY_HOSTILE_DOWNLOADER,crowdstrike_HarmfulAppCategory.csv
HarmfulAppCategory,15,HARMFUL_CATEGORY_NON_ANDROID_THREAT,crowdstrike_HarmfulAppCategory.csv
HarmfulAppCategory,16,HARMFUL_CATEGORY_ROOTING,crowdstrike_HarmfulAppCategory.csv
HarmfulAppCategory,17,HARMFUL_CATEGORY_PRIVILEGE_ESCALATION,crowdstrike_HarmfulAppCategory.csv
HarmfulAppCategory,18,HARMFUL_CATEGORY_TRACKING,crowdstrike_HarmfulAppCategory.csv
HarmfulAppCategory,19,HARMFUL_CATEGORY_SPAM,crowdstrike_HarmfulAppCategory.csv
HarmfulAppCategory,20,HARMFUL_CATEGORY_DENIAL_OF_SERVICE,crowdstrike_HarmfulAppCategory.csv
HarmfulAppCategory,21,HARMFUL_CATEGORY_DATA_COLLECTION,crowdstrike_HarmfulAppCategory.csv
HookId,0,WH_JOURNALRECORD,crowdstrike_HookId.csv
HookId,1,WH_JOURNALPLAYBACK,crowdstrike_HookId.csv
HookId,2,WH_KEYBOARD,crowdstrike_HookId.csv
HookId,3,WH_GETMESSAGE,crowdstrike_HookId.csv
HookId,4,WH_CALLWNDPROC,crowdstrike_HookId.csv
HookId,5,WH_CBT,crowdstrike_HookId.csv
HookId,6,WH_SYSMSGFILTER,crowdstrike_HookId.csv
HookId,7,WH_MOUSE,crowdstrike_HookId.csv
HookId,8,WH_HARDWARE,crowdstrike_HookId.csv
HookId,9,WH_DEBUG,crowdstrike_HookId.csv
HookId,10,WH_SHELL,crowdstrike_HookId.csv
HookId,11,WH_FOREGROUNDIDLE,crowdstrike_HookId.csv
HookId,12,WH_CALLWNDPROCRET,crowdstrike_HookId.csv
HookId,13,WH_KEYBOARD_LL,crowdstrike_HookId.csv
HookId,14,WH_MOUSE_LL,crowdstrike_HookId.csv
HookId,4294967295,WH_MSGFILTER,crowdstrike_HookId.csv
HookedObjectType,0,INVALID,crowdstrike_HookedObjectType.csv
HookedObjectType,1,DRIVER_OBJECT,crowdstrike_HookedObjectType.csv
HookedObjectType,2,NDIS_PROTOCOL_BLOCK,crowdstrike_HookedObjectType.csv
HookedObjectType,3,NDIS_OPEN_BLOCK,crowdstrike_HookedObjectType.csv
HookedObjectType,4,NDIS_FILTER_BLOCK,crowdstrike_HookedObjectType.csv
HookedObjectType,5,NDIS_MINIPORT_BLOCK,crowdstrike_HookedObjectType.csv
HookedPointerType,0,INVALID,crowdstrike_HookedPointerType.csv
HookedPointerType,1,INIT,crowdstrike_HookedPointerType.csv
HookedPointerType,2,STARTIO,crowdstrike_HookedPointerType.csv
HookedPointerType,3,UNLOAD,crowdstrike_HookedPointerType.csv
HookedPointerType,4,DEVICEOBJECTDRIVEROBJECT,crowdstrike_HookedPointerType.csv
HookedPointerType,5,IRPMJCREATE,crowdstrike_HookedPointerType.csv
HookedPointerType,6,IRPMJCREATENAMEDPIPE,crowdstrike_HookedPointerType.csv
HookedPointerType,7,IRPMJCLOSE,crowdstrike_HookedPointerType.csv
HookedPointerType,8,IRPMJREAD,crowdstrike_HookedPointerType.csv
HookedPointerType,9,IRPMJWRITE,crowdstrike_HookedPointerType.csv
HookedPointerType,10,IRPMJQUERYINFORMATION,crowdstrike_HookedPointerType.csv
HookedPointerType,11,IRPMJSETINFORMATION,crowdstrike_HookedPointerType.csv
HookedPointerType,12,IRPMJQUERYEA,crowdstrike_HookedPointerType.csv
HookedPointerType,13,IRPMJSETEA,crowdstrike_HookedPointerType.csv
HookedPointerType,14,IRPMJFLUSHBUFFERS,crowdstrike_HookedPointerType.csv
HookedPointerType,15,IRPMJQUERYVOLUMEINFORMATION,crowdstrike_HookedPointerType.csv
HookedPointerType,16,IRPMJSETVOLUMEINFORMATION,crowdstrike_HookedPointerType.csv
HookedPointerType,17,IRPMJDIRECTORYCONTROL,crowdstrike_HookedPointerType.csv
HookedPointerType,18,IRPMJFILESYSTEMCONTROL,crowdstrike_HookedPointerType.csv
HookedPointerType,19,IRPMJDEVICECONTROL,crowdstrike_HookedPointerType.csv
HookedPointerType,20,IRPMJINTERNALDEVICECONTROL,crowdstrike_HookedPointerType.csv
HookedPointerType,21,IRPMJSHUTDOWN,crowdstrike_HookedPointerType.csv
HookedPointerType,22,IRPMJLOCKCONTROL,crowdstrike_HookedPointerType.csv
HookedPointerType,23,IRPMJCLEANUP,crowdstrike_HookedPointerType.csv
HookedPointerType,24,IRPMJCREATEMAILSLOT,crowdstrike_HookedPointerType.csv
HookedPointerType,25,IRPMJQUERYSECURITY,crowdstrike_HookedPointerType.csv
HookedPointerType,26,IRPMJSETSECURITY,crowdstrike_HookedPointerType.csv
HookedPointerType,27,IRPMJPOWER,crowdstrike_HookedPointerType.csv
HookedPointerType,28,IRPMJSYSTEMCONTROL,crowdstrike_HookedPointerType.csv
HookedPointerType,29,IRPMJDEVICECHANGE,crowdstrike_HookedPointerType.csv
HookedPointerType,30,IRPMJQUERYQUOTA,crowdstrike_HookedPointerType.csv
HookedPointerType,31,IRPMJSETQUOTA,crowdstrike_HookedPointerType.csv
HookedPointerType,32,FASTIOREAD,crowdstrike_HookedPointerType.csv
HookedPointerType,33,FASTIOWRITE,crowdstrike_HookedPointerType.csv
HookedPointerType,34,FASTIOQUERYBASICINFO,crowdstrike_HookedPointerType.csv
HookedPointerType,35,FASTIOQUERYSTANDARDINFO,crowdstrike_HookedPointerType.csv
HookedPointerType,36,FASTIODEVICECONTROL,crowdstrike_HookedPointerType.csv
HookedPointerType,37,FASTIOQUERYNETWORKOPENINFO,crowdstrike_HookedPointerType.csv
HookedPointerType,38,FASTIOMDLREAD,crowdstrike_HookedPointerType.csv
HookedPointerType,39,FASTIOMDLREADCOMPLETE,crowdstrike_HookedPointerType.csv
HookedPointerType,40,FASTIOPREPAREMDLWRITE,crowdstrike_HookedPointerType.csv
HookedPointerType,41,FASTIOMDLWRITECOMPLETE,crowdstrike_HookedPointerType.csv
HookedPointerType,42,FASTIOREADCOMPRESSED,crowdstrike_HookedPointerType.csv
HookedPointerType,43,FASTIOWRITECOMPRESSED,crowdstrike_HookedPointerType.csv
HookedPointerType,44,FASTIOMDLREADCOMPLETECOMPRESSED,crowdstrike_HookedPointerType.csv
HookedPointerType,45,FASTIOMDLWRITECOMPLETECOMPRESSED,crowdstrike_HookedPointerType.csv
HookedPointerType,46,FASTIOQUERYOPEN,crowdstrike_HookedPointerType.csv
HookedPointerType,47,NDIS5OPENBLOCKRECEIVEHANDLER,crowdstrike_HookedPointerType.csv
HookedPointerType,48,NDIS5OPENBLOCKRECEIVECOMPLETEHANDLER,crowdstrike_HookedPointerType.csv
HookedPointerType,49,NDIS5OPENBLOCKRECEIVEPACKETHANDLER,crowdstrike_HookedPointerType.csv
HookedPointerType,50,NDIS5OPENBLOCKSENDHANDLER,crowdstrike_HookedPointerType.csv
HookedPointerType,51,NDIS5OPENBLOCKSENDCOMPLETEHANDLER,crowdstrike_HookedPointerType.csv
HookedPointerType,52,NDIS5OPENBLOCKSENDPACKETSHANDLER,crowdstrike_HookedPointerType.csv
HookedPointerType,53,NDIS5OPENBLOCKTRANSFERDATAHANDLER,crowdstrike_HookedPointerType.csv
HookedPointerType,54,NDIS5OPENBLOCKTRANSFERDATACOMPLETEHANDLER,crowdstrike_HookedPointerType.csv
HookedPointerType,55,NDIS5OPENBLOCKRECEIVENETBUFFERLISTSHANDLER,crowdstrike_HookedPointerType.csv
HookedPointerType,56,NDIS6OPENBLOCKPROTOCOLSENDNETBUFFERLISTSCOMPLETEHANDLER,crowdstrike_HookedPointerType.csv
HookedPointerType,57,NDIS6OPENBLOCKPROTOCOLRECEIVENETBUFFERLISTSHANDLER,crowdstrike_HookedPointerType.csv
HookedPointerType,58,NDIS5MINIPORTBLOCKSENDPACKETSHANDLER,crowdstrike_HookedPointerType.csv
HookedPointerType,59,NDIS6PROTOCOLBLOCKRECEIVENETBUFFERLISTSHANDLER,crowdstrike_HookedPointerType.csv
HookedPointerType,60,NDIS6PROTOCOLBLOCKSENDNETBUFFERLISTSCOMPLETEHANDLER,crowdstrike_HookedPointerType.csv
HookedPointerType,61,NDIS6FILTERBLOCKNEXTSENDNETBUFFERLISTSCOMPLETEHANDLER,crowdstrike_HookedPointerType.csv
HookedPointerType,62,NDIS6FILTERBLOCKRETURNNETBUFFERLISTSHANDLER,crowdstrike_HookedPointerType.csv
HookedPointerType,63,NDIS6FILTERBLOCKFILTERSENDNETBUFFERLISTSHANDLER,crowdstrike_HookedPointerType.csv
HostProcessType,0,OTHERS,crowdstrike_HostProcessType.csv
HostProcessType,1,POWERSHELL,crowdstrike_HostProcessType.csv
HostProcessType,2,POWERSHELL_ISE,crowdstrike_HostProcessType.csv
HostProcessType,3,WSCRIPT,crowdstrike_HostProcessType.csv
HostProcessType,4,CSCRIPT,crowdstrike_HostProcessType.csv
HostProcessType,5,OFFICEEXE,crowdstrike_HostProcessType.csv
HttpInternalSource,0,HTTP_INVALID_SOURCE,crowdstrike_HttpInternalSource.csv
HttpInternalSource,1,HTTP_WFP_NETWORK_EVENT_SOURCE,crowdstrike_HttpInternalSource.csv
HttpInternalSource,2,HTTP_ETW_WININET_SOURCE,crowdstrike_HttpInternalSource.csv
HttpInternalSource,3,HTTP_ETW_WININET_CAPTURE_SOURCE,crowdstrike_HttpInternalSource.csv
HttpMethod,0,HTTP_METHOD_UNKNOWN,crowdstrike_HttpMethod.csv
HttpMethod,1,HTTP_METHOD_GET,crowdstrike_HttpMethod.csv
HttpMethod,2,HTTP_METHOD_HEAD,crowdstrike_HttpMethod.csv
HttpMethod,3,HTTP_METHOD_POST,crowdstrike_HttpMethod.csv
HttpMethod,4,HTTP_METHOD_PUT,crowdstrike_HttpMethod.csv
HttpMethod,5,HTTP_METHOD_DELETE,crowdstrike_HttpMethod.csv
HttpMethod,6,HTTP_METHOD_OPTIONS,crowdstrike_HttpMethod.csv
HttpMethod,7,HTTP_METHOD_CONNECT,crowdstrike_HttpMethod.csv
HttpMethod,8,HTTP_METHOD_TRACE,crowdstrike_HttpMethod.csv
HttpMethod,9,HTTP_METHOD_PATCH,crowdstrike_HttpMethod.csv
HttpVisibilityState,0,HTTP_INITIAL,crowdstrike_HttpVisibilityState.csv
HttpVisibilityState,1,HTTP_STOPPED,crowdstrike_HttpVisibilityState.csv
HttpVisibilityState,2,HTTP_STARTED,crowdstrike_HttpVisibilityState.csv
HttpVisibilityState,3,HTTP_ERROR_START,crowdstrike_HttpVisibilityState.csv
HttpVisibilityState,4,HTTP_ERROR_STOP,crowdstrike_HttpVisibilityState.csv
HttpVisibilityState,5,HTTP_UNKNOWN,crowdstrike_HttpVisibilityState.csv
HttpVisibilityStatusReason,1,REASON_ENABLED,crowdstrike_HttpVisibilityStatusReason.csv
HttpVisibilityStatusReason,2,REASON_DISABLED,crowdstrike_HttpVisibilityStatusReason.csv
HttpVisibilityStatusReason,3,REASON_ERROR_COULD_NOT_START,crowdstrike_HttpVisibilityStatusReason.csv
HttpVisibilityStatusReason,4,REASON_ERROR_COULD_NOT_START_STOP,crowdstrike_HttpVisibilityStatusReason.csv
HttpVisibilityStatusReason,5,REASON_ERROR_DISABLED,crowdstrike_HttpVisibilityStatusReason.csv
HttpVisibilityStatusReason,6,REASON_ERROR_COULD_NOT_STOP,crowdstrike_HttpVisibilityStatusReason.csv
HttpVisibilityStatusReason,7,REASON_BAD_DATA,crowdstrike_HttpVisibilityStatusReason.csv
HttpVisibilityStatusReason,8,REASON_BAD_HEADER_END,crowdstrike_HttpVisibilityStatusReason.csv
HttpVisibilityStatusReason,9,REASON_BAD_HEADER_CODE,crowdstrike_HttpVisibilityStatusReason.csv
HttpVisibilityStatusReason,10,REASON_BAD_INDICATED_LENGTH,crowdstrike_HttpVisibilityStatusReason.csv
HttpVisibilityStatusReason,11,REASON_BAD_REQUIRED_LENGTH,crowdstrike_HttpVisibilityStatusReason.csv
HttpVisibilityStatusReason,12,REASON_BAD_BUFFER_LIMIT,crowdstrike_HttpVisibilityStatusReason.csv
HttpVisibilityStatusReason,13,REASON_BAD_CAPTURE,crowdstrike_HttpVisibilityStatusReason.csv
HttpVisibilityStatusReason,14,REASON_ERROR_THROW,crowdstrike_HttpVisibilityStatusReason.csv
HttpVisibilityStatusReason,15,REASON_ERROR_QUEUE,crowdstrike_HttpVisibilityStatusReason.csv
HttpVisibilityStatusReason,16,REASON_PERIODIC,crowdstrike_HttpVisibilityStatusReason.csv
HttpVisibilityStatusReason,17,REASON_MISSING_PROCESS,crowdstrike_HttpVisibilityStatusReason.csv
HttpVisibilityStatusReason,18,REASON_BAD_HEADER_URL,crowdstrike_HttpVisibilityStatusReason.csv
HttpVisibilityStatusReason,19,REASON_BAD_HEADER_UNICODE,crowdstrike_HttpVisibilityStatusReason.csv
ImageSubsystem,0,IMAGE_SUBSYSTEM_UNKNOWN,crowdstrike_ImageSubsystem.csv
ImageSubsystem,1,IMAGE_SUBSYSTEM_NATIVE,crowdstrike_ImageSubsystem.csv
ImageSubsystem,2,IMAGE_SUBSYSTEM_WINDOWS_GUI,crowdstrike_ImageSubsystem.csv
ImageSubsystem,3,IMAGE_SUBSYSTEM_WINDOWS_CUI,crowdstrike_ImageSubsystem.csv
ImageSubsystem,7,IMAGE_SUBSYSTEM_POSIX_CUI,crowdstrike_ImageSubsystem.csv
ImageSubsystem,256,IMAGE_SUBSYSTEM_WSL,crowdstrike_ImageSubsystem.csv
ImpersonationLevel,0,ANONYMOUS,crowdstrike_ImpersonationLevel.csv
ImpersonationLevel,1,IDENTIFICATION,crowdstrike_ImpersonationLevel.csv
ImpersonationLevel,2,IMPERSONATION,crowdstrike_ImpersonationLevel.csv
ImpersonationLevel,3,DELEGATION,crowdstrike_ImpersonationLevel.csv
InjectedThreadFlag,0,NONE,crowdstrike_InjectedThreadFlag.csv
InjectedThreadFlag,1,PREV_MODE_KERNEL,crowdstrike_InjectedThreadFlag.csv
InjectedThreadFlag,2,START_ADDRESS_IN_NAMED_PE,crowdstrike_InjectedThreadFlag.csv
InjectedThreadFlag,4,START_ADDRESS_IN_SYS_RANGE,crowdstrike_InjectedThreadFlag.csv
InjectedThreadFlag,8,SYSTEM_THREAD,crowdstrike_InjectedThreadFlag.csv
InjectedThreadFlag,16,SOURCE_PROCESS_IS_SYSTEM,crowdstrike_InjectedThreadFlag.csv
InjectedThreadFlag,32,TARGET_ANALYSIS_FAILED,crowdstrike_InjectedThreadFlag.csv
InjectedThreadFlag,64,CONTEXT_ANALYSIS_FAILED,crowdstrike_InjectedThreadFlag.csv
InjectedThreadFlag,128,START_ADDRESS_IN_NTDLL,crowdstrike_InjectedThreadFlag.csv
InjectedThreadFlag,256,START_ADDRESS_IN_WIN_DLL,crowdstrike_InjectedThreadFlag.csv
InjectedThreadFlag,512,START_ADDRESS_PRIVATE_MEM,crowdstrike_InjectedThreadFlag.csv
InstanceMetadataProvider,1,AWS_EC2,crowdstrike_InstanceMetadataProvider.csv
InstanceMetadataProvider,2,AZURE,crowdstrike_InstanceMetadataProvider.csv
InstanceMetadataProvider,3,GCP,crowdstrike_InstanceMetadataProvider.csv
IntegrityLevel,0,UNTRUSTED,crowdstrike_IntegrityLevel.csv
IntegrityLevel,4096,LOW,crowdstrike_IntegrityLevel.csv
IntegrityLevel,8192,MEDIUM,crowdstrike_IntegrityLevel.csv
IntegrityLevel,8448,MEDIUM_PLUS,crowdstrike_IntegrityLevel.csv
IntegrityLevel,12288,HIGH,crowdstrike_IntegrityLevel.csv
IntegrityLevel,16384,SYSTEM,crowdstrike_IntegrityLevel.csv
IntegrityLevel,20480,PROTECTED,crowdstrike_IntegrityLevel.csv
InterfaceGuid,2412069341428182633207713507271774211,WINREG,crowdstrike_InterfaceGuid.csv
InterfaceGuid,73841726827644574320132068595241126674,BITSJOB,crowdstrike_InterfaceGuid.csv
InterfaceGuid,82508809336647230654648091337707475455,VSSSOFTWARESNAPSHOTPROVIDER,crowdstrike_InterfaceGuid.csv
InterfaceGuid,97500048380073784365750892119335238924,ITASKSCHEDULERSERVICE,crowdstrike_InterfaceGuid.csv
InterfaceGuid,121367533005861681461576054847531180172,VSSPROVCREATESNAPSHOTSET,crowdstrike_InterfaceGuid.csv
InterfaceGuid,159960145448404702327966120361641609644,SAMR,crowdstrike_InterfaceGuid.csv
InterfaceGuid,172443849722322458118105166679598174211,SVCCTL,crowdstrike_InterfaceGuid.csv
InterfaceGuid,204515944799677958888377619406178631879,IWBEMSERVICES,crowdstrike_InterfaceGuid.csv
InterfaceGuid,266744886918508568919187450154098661104,SSPIRPRC,crowdstrike_InterfaceGuid.csv
InterfaceGuid,292758075101678573331253975571375072234,EVENTSVCLEGACY,crowdstrike_InterfaceGuid.csv
InterfaceGuid,301991270698496353333203549261415115356,IUSERPROFILE,crowdstrike_InterfaceGuid.csv
InterfaceGuid,329231840064844765340085534139467969404,EVENTSVC,crowdstrike_InterfaceGuid.csv
IoControlCode,3670095,IOCTL_ICA_CONNECT_ACCEPT,crowdstrike_IoControlCode.csv
IoControlCode,3736576,IOCTL_CNG_CVE_2020_17087,crowdstrike_IoControlCode.csv
LfoUploadCloudStatus,0,LFO_SUCCESS,crowdstrike_LfoUploadCloudStatus.csv
LfoUploadExtendedStatus,0,LFO_SUCCESS,crowdstrike_LfoUploadExtendedStatus.csv
LfoUploadExtendedStatus,1,LFO_WAIT_RECEIVE_ERROR,crowdstrike_LfoUploadExtendedStatus.csv
LfoUploadExtendedStatus,2,LFO_RECEIVE_TIMEOUT,crowdstrike_LfoUploadExtendedStatus.csv
LfoUploadExtendedStatus,16,LFO_NEW_CONNECT_SOCKET_CREATE_ERROR,crowdstrike_LfoUploadExtendedStatus.csv
LfoUploadExtendedStatus,17,LFO_NEW_CONNECT_INIT_CONNECT_MSG_ERROR,crowdstrike_LfoUploadExtendedStatus.csv
LfoUploadExtendedStatus,18,LFO_NEW_CONNECT_ENDPOINT_CREATE_ERROR,crowdstrike_LfoUploadExtendedStatus.csv
LfoUploadExtendedStatus,19,LFO_NEW_CONNECT_GET_ENDPOINT_ERROR,crowdstrike_LfoUploadExtendedStatus.csv
LfoUploadExtendedStatus,20,LFO_NEW_CONNECT_CONNECT_ERROR,crowdstrike_LfoUploadExtendedStatus.csv
LfoUploadExtendedStatus,21,LFO_NEW_CONNECT_SEND_ERROR,crowdstrike_LfoUploadExtendedStatus.csv
LfoUploadExtendedStatus,22,LFO_NEW_CONNECT_RECEIVE_ERROR,crowdstrike_LfoUploadExtendedStatus.csv
LfoUploadExtendedStatus,23,LFO_NEW_CONNECT_RECEIVE_TIMEOUT,crowdstrike_LfoUploadExtendedStatus.csv
LfoUploadExtendedStatus,24,LFO_NEW_CONNECT_RESPONSE_SIZE_INVALID,crowdstrike_LfoUploadExtendedStatus.csv
LfoUploadExtendedStatus,25,LFO_NEW_CONNECT_RESPONSE_MAGIC_INVALID,crowdstrike_LfoUploadExtendedStatus.csv
LfoUploadExtendedStatus,32,LFO_RECEIVE_ERROR,crowdstrike_LfoUploadExtendedStatus.csv
LfoUploadExtendedStatus,33,LFO_RECEIVE_DATA_SIZE_TOO_SMALL,crowdstrike_LfoUploadExtendedStatus.csv
LfoUploadExtendedStatus,34,LFO_RECEIVE_DATA_SIZE_INVALID,crowdstrike_LfoUploadExtendedStatus.csv
LfoUploadExtendedStatus,35,LFO_RECEIVE_MAGIC_INVALID,crowdstrike_LfoUploadExtendedStatus.csv
LfoUploadExtendedStatus,36,LFO_RECEIVE_VERSION_INVALID,crowdstrike_LfoUploadExtendedStatus.csv
LfoUploadExtendedStatus,37,LFO_RECEIVE_STREAM_ID_UNKNOWN,crowdstrike_LfoUploadExtendedStatus.csv
LfoUploadExtendedStatus,38,LFO_RECEIVE_ITEM_STATE_INVALID,crowdstrike_LfoUploadExtendedStatus.csv
LfoUploadExtendedStatus,39,LFO_RECEIVE_PAYLOAD_REASON_ERROR,crowdstrike_LfoUploadExtendedStatus.csv
LfoUploadExtendedStatus,40,LFO_RECEIVE_UPLOAD_FLAGS_ERROR,crowdstrike_LfoUploadExtendedStatus.csv
LfoUploadExtendedStatus,41,LFO_RECEIVE_PARTIAL_MESSAGE,crowdstrike_LfoUploadExtendedStatus.csv
LfoUploadExtendedStatus,42,LFO_RECEIVE_TERMINATION,crowdstrike_LfoUploadExtendedStatus.csv
LfoUploadExtendedStatus,48,LFO_REQUEST_STATE_INVALID,crowdstrike_LfoUploadExtendedStatus.csv
LfoUploadExtendedStatus,49,LFO_TOO_MANY_RETRIES,crowdstrike_LfoUploadExtendedStatus.csv
LfoUploadExtendedStatus,50,LFO_UNIMPLEMENTED,crowdstrike_LfoUploadExtendedStatus.csv
LfoUploadExtendedStatus,51,LFO_FILE_PATH_EXCLUDED,crowdstrike_LfoUploadExtendedStatus.csv
LfoUploadExtendedStatus,52,LFO_FILE_ALREADY_UPLOADED,crowdstrike_LfoUploadExtendedStatus.csv
LfoUploadExtendedStatus,64,LFO_PUT_REQUEST_FILE_OPEN_ERROR,crowdstrike_LfoUploadExtendedStatus.csv
LfoUploadExtendedStatus,65,LFO_PUT_REQUEST_HASH_ERROR,crowdstrike_LfoUploadExtendedStatus.csv
LfoUploadExtendedStatus,66,LFO_PUT_REQUEST_FILE_SIZE_ERROR,crowdstrike_LfoUploadExtendedStatus.csv
LfoUploadExtendedStatus,67,LFO_PUT_REQUEST_FILE_SIZE_TOO_LARGE,crowdstrike_LfoUploadExtendedStatus.csv
LfoUploadExtendedStatus,68,LFO_PUT_REQUEST_FILE_NAME_TOO_LONG,crowdstrike_LfoUploadExtendedStatus.csv
LfoUploadExtendedStatus,69,LFO_PUT_REQUEST_MESSAGE_ALLOC_ERROR,crowdstrike_LfoUploadExtendedStatus.csv
LfoUploadExtendedStatus,70,LFO_PUT_REQUEST_UTF8_ENCODE_ERROR,crowdstrike_LfoUploadExtendedStatus.csv
LfoUploadExtendedStatus,71,LFO_PUT_REQUEST_SOCKET_SEND_ERROR,crowdstrike_LfoUploadExtendedStatus.csv
LfoUploadExtendedStatus,72,LFO_PUT_REQUEST_GET_QUARANTINED_FILES_ERROR,crowdstrike_LfoUploadExtendedStatus.csv
LfoUploadExtendedStatus,73,LFO_PUT_REQUEST_COULD_NOT_FIND_QUARANTINED_FILE,crowdstrike_LfoUploadExtendedStatus.csv
LfoUploadExtendedStatus,74,LFO_PUT_REQUEST_FILE_OPEN_QUARANTINE_ERROR,crowdstrike_LfoUploadExtendedStatus.csv
LfoUploadExtendedStatus,75,LFO_PUT_REQUEST_QUARANTINE_DECODE_METADATA_ERROR,crowdstrike_LfoUploadExtendedStatus.csv
LfoUploadExtendedStatus,76,LFO_PUT_REQUEST_QUARANTINE_FILE_NOT_FOUND_ERROR,crowdstrike_LfoUploadExtendedStatus.csv
LfoUploadExtendedStatus,77,LFO_PUT_REQUEST_QUARANTINE_FILE_STRING_DUPLICATE_ERROR,crowdstrike_LfoUploadExtendedStatus.csv
LfoUploadExtendedStatus,80,LFO_PUT_PAYLOAD_FILE_OPEN_ERROR,crowdstrike_LfoUploadExtendedStatus.csv
LfoUploadExtendedStatus,81,LFO_PUT_PAYLOAD_FILE_SIZE_ERROR,crowdstrike_LfoUploadExtendedStatus.csv
LfoUploadExtendedStatus,82,LFO_PUT_PAYLOAD_FILE_SIZE_INVALID,crowdstrike_LfoUploadExtendedStatus.csv
LfoUploadExtendedStatus,83,LFO_PUT_PAYLOAD_DATA_ALLOC_ERROR,crowdstrike_LfoUploadExtendedStatus.csv
LfoUploadExtendedStatus,84,LFO_PUT_PAYLOAD_FILE_SIZE_TOO_LARGE,crowdstrike_LfoUploadExtendedStatus.csv
LfoUploadExtendedStatus,85,LFO_PUT_PAYLOAD_SEND_HDR_ERROR,crowdstrike_LfoUploadExtendedStatus.csv
LfoUploadExtendedStatus,86,LFO_PUT_PAYLOAD_SEND_READ_FILE_ERROR,crowdstrike_LfoUploadExtendedStatus.csv
LfoUploadExtendedStatus,87,LFO_PUT_PAYLOAD_SEND_SEND_DATA_ERROR,crowdstrike_LfoUploadExtendedStatus.csv
LfoUploadExtendedStatus,88,LFO_PUT_PAYLOAD_SEND_CHECKSUM_ERROR,crowdstrike_LfoUploadExtendedStatus.csv
LightningLatencyState,1,ASYNC_ON_FIRST,crowdstrike_LightningLatencyState.csv
LightningLatencyState,2,DISCONNECTED,crowdstrike_LightningLatencyState.csv
LightningLatencyState,3,ACTIVE,crowdstrike_LightningLatencyState.csv
LinkedAuthenticationId,0,INVALID_LUID,crowdstrike_LinkedAuthenticationId.csv
LocationStatus,0,UNKNOWN,crowdstrike_LocationStatus.csv
LocationStatus,1,UNAVAILABLE,crowdstrike_LocationStatus.csv
LocationStatus,2,UNAUTHORIZED,crowdstrike_LocationStatus.csv
LocationStatus,3,OFF,crowdstrike_LocationStatus.csv
LocationStatus,4,ON,crowdstrike_LocationStatus.csv
LogonType,2,INTERACTIVE,crowdstrike_LogonType.csv
LogonType,3,NETWORK,crowdstrike_LogonType.csv
LogonType,4,BATCH,crowdstrike_LogonType.csv
LogonType,5,SERVICE,crowdstrike_LogonType.csv
LogonType,6,PROXY,crowdstrike_LogonType.csv
LogonType,7,UNLOCK,crowdstrike_LogonType.csv
LogonType,8,NETWORK_CLEARTEXT,crowdstrike_LogonType.csv
LogonType,9,NEW_CREDENTIALS,crowdstrike_LogonType.csv
LogonType,10,REMOTE_INTERACTIVE,crowdstrike_LogonType.csv
LogonType,11,CACHED_INTERACTIVE,crowdstrike_LogonType.csv
LogonType,12,CACHED_REMOTE_INTERACTIVE,crowdstrike_LogonType.csv
LogonType,13,CACHED_UNLOCK,crowdstrike_LogonType.csv
MachOSubType,0,UNKNOWN,crowdstrike_MachOSubType.csv
MachOSubType,1,EXECUTABLE64,crowdstrike_MachOSubType.csv
MachOSubType,2,DYLIB64,crowdstrike_MachOSubType.csv
MachOSubType,3,BUNDLE64,crowdstrike_MachOSubType.csv
MachOSubType,4,KEXT64,crowdstrike_MachOSubType.csv
MachOSubType,5,EXECUTABLE32,crowdstrike_MachOSubType.csv
MachOSubType,6,DYLIB32,crowdstrike_MachOSubType.csv
MachOSubType,7,BUNDLE32,crowdstrike_MachOSubType.csv
Malicious,0,NO_CONF,crowdstrike_Malicious.csv
Malicious,1,LOW_CONF,crowdstrike_Malicious.csv
Malicious,2,MEDIUM_CONF,crowdstrike_Malicious.csv
Malicious,3,HIGH_CONF,crowdstrike_Malicious.csv
Malicious,4,LOWEST_CONF,crowdstrike_Malicious.csv
Malicious,5,TARGET_FP_RATE_TEN_PERC,crowdstrike_Malicious.csv
Malicious,6,TARGET_FP_RATE_ONE_PERC,crowdstrike_Malicious.csv
MeasurementType,0,MEASUREMENT_TYPE_INVALID_LOW,crowdstrike_MeasurementType.csv
MeasurementType,1,MEASUREMENT_TYPE_PE_IMAGE,crowdstrike_MeasurementType.csv
MeasurementType,2,MEASUREMENT_TYPE_REGION,crowdstrike_MeasurementType.csv
MeasurementType,4,MEASUREMENT_TYPE_APPLE_EFICHECK,crowdstrike_MeasurementType.csv
MemoryDescriptionFlags,0,NONE,crowdstrike_MemoryDescriptionFlags.csv
MemoryDescriptionFlags,1,INVALID_ADDRESS,crowdstrike_MemoryDescriptionFlags.csv
MemoryDescriptionFlags,2,CURRENT_STACK,crowdstrike_MemoryDescriptionFlags.csv
MemoryDescriptionFlags,4,JIT_DOTNET,crowdstrike_MemoryDescriptionFlags.csv
MemoryDescriptionFlags,8,MZ,crowdstrike_MemoryDescriptionFlags.csv
MemoryDescriptionFlags,16,CODE,crowdstrike_MemoryDescriptionFlags.csv
MemoryDescriptionFlags,32,MODULE,crowdstrike_MemoryDescriptionFlags.csv
MemoryDescriptionFlags,64,MAPPED,crowdstrike_MemoryDescriptionFlags.csv
MemoryDescriptionFlags,80,CODE_MAPPED,crowdstrike_MemoryDescriptionFlags.csv
MemoryDescriptionFlags,128,REFLECTIVE_PE,crowdstrike_MemoryDescriptionFlags.csv
MemoryDescriptionFlags,152,MZ_CODE_REFLECTIVE,crowdstrike_MemoryDescriptionFlags.csv
MemoryDescriptionFlags,200,MZ_MAPPED_REFLECTIVE,crowdstrike_MemoryDescriptionFlags.csv
MemoryDescriptionFlags,256,JIT_FLASH,crowdstrike_MemoryDescriptionFlags.csv
MemoryDescriptionFlags,512,PRIMARY_MODULE,crowdstrike_MemoryDescriptionFlags.csv
MemoryDescriptionFlags,1024,PRIVATE_MEMORY,crowdstrike_MemoryDescriptionFlags.csv
MemoryDescriptionFlags,1056,PRIVATE_MODULE_MEMORY,crowdstrike_MemoryDescriptionFlags.csv
MemoryDescriptionFlags,1088,PRIVATE_OR_MAPPED,crowdstrike_MemoryDescriptionFlags.csv
MemoryDescriptionFlags,2048,KNOWN_FUNCTION,crowdstrike_MemoryDescriptionFlags.csv
MemoryDescriptionFlags,4096,FREE_MEMORY,crowdstrike_MemoryDescriptionFlags.csv
MemoryRegionProtection,1,PAGE_NOACCESS,crowdstrike_MemoryRegionProtection.csv
MemoryRegionProtection,2,PAGE_READONLY,crowdstrike_MemoryRegionProtection.csv
MemoryRegionProtection,4,PAGE_READWRITE,crowdstrike_MemoryRegionProtection.csv
MemoryRegionProtection,8,PAGE_WRITECOPY,crowdstrike_MemoryRegionProtection.csv
MemoryRegionProtection,16,PAGE_EXECUTE,crowdstrike_MemoryRegionProtection.csv
MemoryRegionProtection,32,PAGE_EXECUTE_READ,crowdstrike_MemoryRegionProtection.csv
MemoryRegionProtection,64,PAGE_EXECUTE_READWRITE,crowdstrike_MemoryRegionProtection.csv
MemoryRegionProtection,128,PAGE_EXECUTE_WRITECOPY,crowdstrike_MemoryRegionProtection.csv
ModuleLoadMechanism,0,STANDARD,crowdstrike_ModuleLoadMechanism.csv
ModuleLoadMechanism,1,REFLECTIVE,crowdstrike_ModuleLoadMechanism.csv
NetworkContainmentState,0,NETWORK_CONTAINMENT_STATE_UNCONTAINED,crowdstrike_NetworkContainmentState.csv
NetworkContainmentState,1,NETWORK_CONTAINMENT_STATE_CONTAINED,crowdstrike_NetworkContainmentState.csv
NetworkExtensionType,0,UNKNOWN,crowdstrike_NetworkExtensionType.csv
NetworkExtensionType,1,CONTENT_FILTER,crowdstrike_NetworkExtensionType.csv
NetworkExtensionType,2,APP_PROXY,crowdstrike_NetworkExtensionType.csv
NetworkProfile,0,NET_PROFILE_INVALID,crowdstrike_NetworkProfile.csv
NetworkProfile,1,NET_PROFILE_DOMAIN,crowdstrike_NetworkProfile.csv
NetworkProfile,2,NET_PROFILE_PUBLIC,crowdstrike_NetworkProfile.csv
NetworkProfile,4,NET_PROFILE_PRIVATE,crowdstrike_NetworkProfile.csv
NetworkProfile,255,NET_PROFILE_ANY,crowdstrike_NetworkProfile.csv
OciContainerEngineType,0,UNKNOWN,crowdstrike_OciContainerEngineType.csv
OciContainerEngineType,1,DOCKER,crowdstrike_OciContainerEngineType.csv
OciContainerEngineType,2,PODMAN,crowdstrike_OciContainerEngineType.csv
ParentAuthenticationId,0,INVALID_LUID,crowdstrike_ParentAuthenticationId.csv
PatternHandlingErrorType,0,MISSING_EVENT_TYPE_TAG,crowdstrike_PatternHandlingErrorType.csv
PatternHandlingErrorType,1,MISSING_TRANSMISSION_TAG,crowdstrike_PatternHandlingErrorType.csv
PatternHandlingErrorType,2,INVALID_PATTERNDISPOSITION,crowdstrike_PatternHandlingErrorType.csv
PayloadClassification,0,UNKNOWN,crowdstrike_PayloadClassification.csv
PayloadClassification,1,ANTIVIRUS,crowdstrike_PayloadClassification.csv
PayloadClassification,2,GENERIC_MALWARE,crowdstrike_PayloadClassification.csv
PayloadClassification,3,RAT,crowdstrike_PayloadClassification.csv
PayloadClassificationFlags,0,NONE,crowdstrike_PayloadClassificationFlags.csv
PayloadClassificationFlags,1,KNOWN_BENIGN,crowdstrike_PayloadClassificationFlags.csv
PayloadClassificationFlags,2,SUSPICIOUS,crowdstrike_PayloadClassificationFlags.csv
PayloadClassificationFlags,4,KNOWN_MALICIOUS,crowdstrike_PayloadClassificationFlags.csv
PayloadClassificationFlags,8,ENABLE_VISIBILITY,crowdstrike_PayloadClassificationFlags.csv
PciAttachmentState,0,ATTACHMENT_SUCCESS,crowdstrike_PciAttachmentState.csv
PciAttachmentState,1,ATTACHMENT_NOT_ATTACHED,crowdstrike_PciAttachmentState.csv
PciAttachmentState,2,ATTACHMENT_COLLECTION_FAILED,crowdstrike_PciAttachmentState.csv
PciAttachmentState,3,ATTACHMENT_NOT_STARTED,crowdstrike_PciAttachmentState.csv
PciAttachmentState,4,ATTACHMENT_STOPPED_REMOVED,crowdstrike_PciAttachmentState.csv
PciAttachmentState,65533,ATTACHMENT_DUPLICATE_ERROR,crowdstrike_PciAttachmentState.csv
PciAttachmentState,65534,ATTACHMENT_ERROR,crowdstrike_PciAttachmentState.csv
PciAttachmentState,65535,ATTACHMENT_UNKNOWN,crowdstrike_PciAttachmentState.csv
PosixFileType,0,NON,crowdstrike_PosixFileType.csv
PosixFileType,1,REG,crowdstrike_PosixFileType.csv
PosixFileType,2,DIR,crowdstrike_PosixFileType.csv
PosixFileType,3,BLK,crowdstrike_PosixFileType.csv
PosixFileType,4,CHR,crowdstrike_PosixFileType.csv
PosixFileType,5,LNK,crowdstrike_PosixFileType.csv
PosixFileType,6,SOCK,crowdstrike_PosixFileType.csv
PosixFileType,7,FIFO,crowdstrike_PosixFileType.csv
PowerPluggedType,0,AC,crowdstrike_PowerPluggedType.csv
PowerPluggedType,1,USB,crowdstrike_PowerPluggedType.csv
PowerPluggedType,2,WIRELESS,crowdstrike_PowerPluggedType.csv
PreviousMemoryRegionProtection,1,PAGE_NOACCESS,crowdstrike_PreviousMemoryRegionProtection.csv
PreviousMemoryRegionProtection,2,PAGE_READONLY,crowdstrike_PreviousMemoryRegionProtection.csv
PreviousMemoryRegionProtection,4,PAGE_READWRITE,crowdstrike_PreviousMemoryRegionProtection.csv
PreviousMemoryRegionProtection,8,PAGE_WRITECOPY,crowdstrike_PreviousMemoryRegionProtection.csv
PreviousMemoryRegionProtection,16,PAGE_EXECUTE,crowdstrike_PreviousMemoryRegionProtection.csv
PreviousMemoryRegionProtection,32,PAGE_EXECUTE_READ,crowdstrike_PreviousMemoryRegionProtection.csv
PreviousMemoryRegionProtection,64,PAGE_EXECUTE_READWRITE,crowdstrike_PreviousMemoryRegionProtection.csv
PreviousMemoryRegionProtection,128,PAGE_EXECUTE_WRITECOPY,crowdstrike_PreviousMemoryRegionProtection.csv
ProcessCreateFlags,1,DEBUG_PROCESS,crowdstrike_ProcessCreateFlags.csv
ProcessCreateFlags,2,DEBUG_ONLY_THIS_PROCESS,crowdstrike_ProcessCreateFlags.csv
ProcessCreateFlags,4,CREATE_SUSPENDED,crowdstrike_ProcessCreateFlags.csv
ProcessCreateFlags,8,DETACHED_PROCESS,crowdstrike_ProcessCreateFlags.csv
ProcessCreateFlags,16,CREATE_NEW_CONSOLE,crowdstrike_ProcessCreateFlags.csv
ProcessCreateFlags,512,CREATE_NEW_PROCESS_GROUP,crowdstrike_ProcessCreateFlags.csv
ProcessCreateFlags,1024,CREATE_UNICODE_ENVIRONMENT,crowdstrike_ProcessCreateFlags.csv
ProcessCreateFlags,2048,CREATE_SEPARATE_WOW_VDM,crowdstrike_ProcessCreateFlags.csv
ProcessCreateFlags,4096,CREATE_SHARED_WOW_VDM,crowdstrike_ProcessCreateFlags.csv
ProcessCreateFlags,8192,CREATE_FORCEDOS,crowdstrike_ProcessCreateFlags.csv
ProcessCreateFlags,65536,INHERIT_PARENT_AFFINITY,crowdstrike_ProcessCreateFlags.csv
ProcessCreateFlags,262144,CREATE_PROTECTED_PROCESS,crowdstrike_ProcessCreateFlags.csv
ProcessCreateFlags,524288,EXTENDED_STARTUPINFO_PRESENT,crowdstrike_ProcessCreateFlags.csv
ProcessCreateFlags,1048576,PROCESS_MODE_BACKGROUND_BEGIN,crowdstrike_ProcessCreateFlags.csv
ProcessCreateFlags,2097152,PROCESS_MODE_BACKGROUND_END,crowdstrike_ProcessCreateFlags.csv
ProcessCreateFlags,16777216,CREATE_BREAKAWAY_FROM_JOB,crowdstrike_ProcessCreateFlags.csv
ProcessCreateFlags,33554432,CREATE_PRESERVE_CODE_AUTHZ_LEVEL,crowdstrike_ProcessCreateFlags.csv
ProcessCreateFlags,67108864,CREATE_DEFAULT_ERROR_MODE,crowdstrike_ProcessCreateFlags.csv
ProcessCreateFlags,67634196,COMMON_EXPLORER_SUSPENDED_SET,crowdstrike_ProcessCreateFlags.csv
ProcessCreateFlags,134217728,CREATE_NO_WINDOW,crowdstrike_ProcessCreateFlags.csv
ProcessCreateFlags,268435456,PROFILE_USER,crowdstrike_ProcessCreateFlags.csv
ProcessCreateFlags,536870912,PROFILE_KERNEL,crowdstrike_ProcessCreateFlags.csv
ProcessCreateFlags,1073741824,PROFILE_SERVER,crowdstrike_ProcessCreateFlags.csv
ProcessCreateFlags,2147483648,CREATE_IGNORE_SYSTEM_DEFAULT,crowdstrike_ProcessCreateFlags.csv
Protocol,1,ICMP,crowdstrike_Protocol.csv
Protocol,6,TCP,crowdstrike_Protocol.csv
Protocol,17,UDP,crowdstrike_Protocol.csv
ProvisionState,0,SENSOR_NOT_PROVISIONED,crowdstrike_ProvisionState.csv
ProvisionState,1,SENSOR_PROVISIONED,crowdstrike_ProvisionState.csv
PtAnalysisTrigger,1,CREATE_PROCESS_TRIGGER,crowdstrike_PtAnalysisTrigger.csv
PtAnalysisTrigger,2,LOAD_IMAGE_TRIGGER,crowdstrike_PtAnalysisTrigger.csv
PtCompatibilityFlags,1,PT_SUPPORTED,crowdstrike_PtCompatibilityFlags.csv
PupAdwareConfidence,0,NO_CONF,crowdstrike_PupAdwareConfidence.csv
PupAdwareConfidence,1,LOW_CONF,crowdstrike_PupAdwareConfidence.csv
PupAdwareConfidence,2,MEDIUM_CONF,crowdstrike_PupAdwareConfidence.csv
PupAdwareConfidence,3,HIGH_CONF,crowdstrike_PupAdwareConfidence.csv
PupAdwareConfidence,4,LOWEST_CONF,crowdstrike_PupAdwareConfidence.csv
QuarantinedFileState,0,QUARANTINE_STATE_UNKNOWN,crowdstrike_QuarantinedFileState.csv
QuarantinedFileState,1,QUARANTINE_STATE_QUARANTINED,crowdstrike_QuarantinedFileState.csv
QuarantinedFileState,2,QUARANTINE_STATE_RELEASED,crowdstrike_QuarantinedFileState.csv
QuarantinedFileState,3,QUARANTINE_STATE_DELETED,crowdstrike_QuarantinedFileState.csv
QuarantinedFileState,4,QUARANTINE_STATE_ERROR,crowdstrike_QuarantinedFileState.csv
QuarantinedFileState,5,QUARANTINE_STATE_UNWHITELISTED,crowdstrike_QuarantinedFileState.csv
QuarantinedFileState,6,QUARANTINE_STATE_PURGED,crowdstrike_QuarantinedFileState.csv
QueryStatus,0,NoError,crowdstrike_QueryStatus.csv
QueryStatus,1,FormErr,crowdstrike_QueryStatus.csv
QueryStatus,2,ServFail,crowdstrike_QueryStatus.csv
QueryStatus,3,NXDomain,crowdstrike_QueryStatus.csv
QueryStatus,4,NotImp,crowdstrike_QueryStatus.csv
QueryStatus,5,Refused,crowdstrike_QueryStatus.csv
QueryStatus,6,YXDomain,crowdstrike_QueryStatus.csv
QueryStatus,7,YXRRSet,crowdstrike_QueryStatus.csv
QueryStatus,8,NXRRSet,crowdstrike_QueryStatus.csv
QueryStatus,9,NotAuth,crowdstrike_QueryStatus.csv
QueryStatus,10,NotZone,crowdstrike_QueryStatus.csv
QueryStatus,11,DSOTYPENI,crowdstrike_QueryStatus.csv
QueryStatus,16,BADSIG,crowdstrike_QueryStatus.csv
QueryStatus,17,BADKEY,crowdstrike_QueryStatus.csv
QueryStatus,18,BADTIME,crowdstrike_QueryStatus.csv
QueryStatus,19,BADMODE,crowdstrike_QueryStatus.csv
QueryStatus,20,BADNAME,crowdstrike_QueryStatus.csv
QueryStatus,21,BADALG,crowdstrike_QueryStatus.csv
QueryStatus,22,BADTRUNC,crowdstrike_QueryStatus.csv
QueryStatus,23,BADCOOKIE,crowdstrike_QueryStatus.csv
QueryStatus,9003,DNS_ERROR_RCODE_NAME_ERROR,crowdstrike_QueryStatus.csv
QueryStatus,9701,DNS_ERROR_RECORD_DOES_NOT_EXIST,crowdstrike_QueryStatus.csv
QueryStatus,65535,Reserved,crowdstrike_QueryStatus.csv
QueryStatus,4278190081,CS_ERROR_SINGLE_RESPONSE_EXPECTING_DUAL,crowdstrike_QueryStatus.csv
QueryStatus,4278190082,CS_ERROR_DUAL_RECORDS,crowdstrike_QueryStatus.csv
RFMState,0,REDUCED_FUNCTIONALITY_MODE_FALSE,crowdstrike_RFMState.csv
RFMState,1,REDUCED_FUNCTIONALITY_MODE_TRUE,crowdstrike_RFMState.csv
ReasonOfFunctionalityLevel,0,REASON_ERROR,crowdstrike_ReasonOfFunctionalityLevel.csv
ReasonOfFunctionalityLevel,1,REASON_ROLLBACK,crowdstrike_ReasonOfFunctionalityLevel.csv
ReasonOfFunctionalityLevel,2,REASON_ERROR_ACQUIRE_INTERFACES,crowdstrike_ReasonOfFunctionalityLevel.csv
ReasonOfFunctionalityLevel,3,REASON_SKIPPED_ACQUIRING_INTERFACES,crowdstrike_ReasonOfFunctionalityLevel.csv
ReasonOfFunctionalityLevel,513,REASON_FEATURE_CONTROL_NOT_EXIST,crowdstrike_ReasonOfFunctionalityLevel.csv
ReasonOfFunctionalityLevel,514,REASON_CHIPSET_TABLE_NOT_EXIST,crowdstrike_ReasonOfFunctionalityLevel.csv
ReasonOfFunctionalityLevel,515,REASON_MANUAL_DISABLED,crowdstrike_ReasonOfFunctionalityLevel.csv
ReasonOfFunctionalityLevel,516,REASON_TAG_DISABLE,crowdstrike_ReasonOfFunctionalityLevel.csv
ReasonOfFunctionalityLevel,517,REASON_SAFE_MODE,crowdstrike_ReasonOfFunctionalityLevel.csv
ReasonOfFunctionalityLevel,769,REASON_TAG_ENABLE,crowdstrike_ReasonOfFunctionalityLevel.csv
ReasonOfFunctionalityLevel,770,REASON_MANUAL_ENABLE,crowdstrike_ReasonOfFunctionalityLevel.csv
ReasonOfFunctionalityLevel,1024,REASON_LOWER_FUNCTIONALITY_LEVEL_NOT_APPLIED,crowdstrike_ReasonOfFunctionalityLevel.csv
RegClassification,0,UNKNOWN,crowdstrike_RegClassification.csv
RegClassification,1,SYSTEM_STARTUP_AUTORUN,crowdstrike_RegClassification.csv
RegClassification,2,SYSTEM_SHUTDOWN_AUTORUN,crowdstrike_RegClassification.csv
RegClassification,3,USER_LOGON_AUTORUN,crowdstrike_RegClassification.csv
RegClassification,4,USER_LOGOFF_AUTORUN,crowdstrike_RegClassification.csv
RegClassification,5,APP_START_AUTORUN,crowdstrike_RegClassification.csv
RegClassification,6,APP_EXTENSION,crowdstrike_RegClassification.csv
RegClassification,7,SERVICE,crowdstrike_RegClassification.csv
RegClassification,8,AUTHENTICATION,crowdstrike_RegClassification.csv
RegClassification,9,CORE_PROCESSES,crowdstrike_RegClassification.csv
RegClassification,10,CUSTOM_PROCESSES,crowdstrike_RegClassification.csv
RegClassification,11,CORE_SERVICES,crowdstrike_RegClassification.csv
RegClassification,12,CORE_SERVICE_PLUGINS,crowdstrike_RegClassification.csv
RegClassification,13,SERVER_PLUGINS,crowdstrike_RegClassification.csv
RegClassification,14,NETWORK_SERVICE_PLUGINS,crowdstrike_RegClassification.csv
RegClassification,15,LANG_SERVICE_PLUGINS,crowdstrike_RegClassification.csv
RegClassification,16,MULTIMEDIA_PLUGINS,crowdstrike_RegClassification.csv
RegClassification,17,SHELL_PLUGINS,crowdstrike_RegClassification.csv
RegClassification,18,IE_COM_PLUGINS,crowdstrike_RegClassification.csv
RegClassification,19,COM_REGISTRATION,crowdstrike_RegClassification.csv
RegClassification,20,PRINTERS,crowdstrike_RegClassification.csv
RegClassification,21,TERMINAL_SERVER,crowdstrike_RegClassification.csv
RegClassification,22,GRAPHICS_CORE,crowdstrike_RegClassification.csv
RegClassification,23,SYSTEM_CONFIG,crowdstrike_RegClassification.csv
RegClassification,100,ASEP_CLASS_MARGIN,crowdstrike_RegClassification.csv
RegClassification,101,CROWDSTRIKE_DATA,crowdstrike_RegClassification.csv
RegClassification,102,CROWDSTRIKE_FIREWALL_RULE,crowdstrike_RegClassification.csv
RegClassification,103,TAMPER_RELATED_OS_KEY,crowdstrike_RegClassification.csv
RegClassification,105,CROWDSTRIKE_CLASS_MARGIN,crowdstrike_RegClassification.csv
RegClassification,106,SECURITY_CONFIG,crowdstrike_RegClassification.csv
RegClassification,107,FIREWALL,crowdstrike_RegClassification.csv
RegClassification,108,BOOT_CONFIGURATION_DATA,crowdstrike_RegClassification.csv
RegClassification,109,THIRD_PARTY_AV_VENDOR,crowdstrike_RegClassification.csv
RegClassification,110,AUTHENTICATION_POLICY,crowdstrike_RegClassification.csv
RegClassification,111,PRODAPP_SECURITY,crowdstrike_RegClassification.csv
RegClassification,112,PRODAPP_CONFIG_SECURITY,crowdstrike_RegClassification.csv
RegClassification,113,KERNEL_SERVICE_CONFIG,crowdstrike_RegClassification.csv
RegClassification,150,SYSTEM_CONFIG_CLASS_MARGIN,crowdstrike_RegClassification.csv
RegClassification,151,GENERIC_SUSPICIOUS,crowdstrike_RegClassification.csv
RegClassification,154,GENERIC_SUSPICIOUS_CLASS_MARGIN,crowdstrike_RegClassification.csv
RegConfigClass,0,BOOT_CONFIGURATION_DATA,crowdstrike_RegConfigClass.csv
RegConfigClass,1,CROWDSTRIKE_KEY,crowdstrike_RegConfigClass.csv
RegConfigValueType,0,UNKNOWN,crowdstrike_RegConfigValueType.csv
RegCreateDisposition,1,REG_CREATED_NEW_KEY,crowdstrike_RegCreateDisposition.csv
RegCreateDisposition,2,REG_OPENED_EXISTING_KEY,crowdstrike_RegCreateDisposition.csv
RegOperationType,1,REG_SET_VALUE_KEY,crowdstrike_RegOperationType.csv
RegOperationType,2,REG_DELETE_VALUE_KEY,crowdstrike_RegOperationType.csv
RegOperationType,3,REG_CREATE_KEY,crowdstrike_RegOperationType.csv
RegOperationType,4,REG_DELETE_KEY,crowdstrike_RegOperationType.csv
RegOperationType,5,REG_SET_KEY_SECURITY,crowdstrike_RegOperationType.csv
RegOperationType,6,REG_LOAD_KEY,crowdstrike_RegOperationType.csv
RegOperationType,7,REG_RENAME_KEY,crowdstrike_RegOperationType.csv
RegOperationType,8,REG_OPEN_KEY,crowdstrike_RegOperationType.csv
RegOperationType,9,REG_QUERY_NAME_KEY,crowdstrike_RegOperationType.csv
RegOperationType,101,REG_SET_VALUE_KEY_ANTI_TAMPER,crowdstrike_RegOperationType.csv
RegOperationType,102,REG_DELETE_VALUE_KEY_ANTI_TAMPER,crowdstrike_RegOperationType.csv
RegTamperType,0,GENERAL,crowdstrike_RegTamperType.csv
RegTamperType,1,NETWORK_CONFIG,crowdstrike_RegTamperType.csv
RegTamperType,2,SERVICE,crowdstrike_RegTamperType.csv
RegType,0,REG_NONE,crowdstrike_RegType.csv
RegType,1,REG_SZ,crowdstrike_RegType.csv
RegType,2,REG_EXPAND_SZ,crowdstrike_RegType.csv
RegType,3,REG_BINARY,crowdstrike_RegType.csv
RegType,4,REG_DWORD,crowdstrike_RegType.csv
RegType,5,REG_DWORD_BIG_ENDIAN,crowdstrike_RegType.csv
RegType,6,REG_LINK,crowdstrike_RegType.csv
RegType,7,REG_MULTI_SZ,crowdstrike_RegType.csv
RegType,8,REG_RESOURCE_LIST,crowdstrike_RegType.csv
RegType,9,REG_FULL_RESOURCE_DESCRIPTOR,crowdstrike_RegType.csv
RegType,10,REG_RESOURCE_REQUIREMENTS_LIST,crowdstrike_RegType.csv
RegType,11,REG_QWORD,crowdstrike_RegType.csv
RequestType,0,Reserved,crowdstrike_RequestType.csv
RequestType,1,A,crowdstrike_RequestType.csv
RequestType,2,NS,crowdstrike_RequestType.csv
RequestType,3,MD,crowdstrike_RequestType.csv
RequestType,4,MF,crowdstrike_RequestType.csv
RequestType,5,CNAME,crowdstrike_RequestType.csv
RequestType,6,SOA,crowdstrike_RequestType.csv
RequestType,7,MB,crowdstrike_RequestType.csv
RequestType,8,MG,crowdstrike_RequestType.csv
RequestType,9,MR,crowdstrike_RequestType.csv
RequestType,10,NULL,crowdstrike_RequestType.csv
RequestType,11,WKS,crowdstrike_RequestType.csv
RequestType,12,PTR,crowdstrike_RequestType.csv
RequestType,13,HINFO,crowdstrike_RequestType.csv
RequestType,14,MINFO,crowdstrike_RequestType.csv
RequestType,15,MX,crowdstrike_RequestType.csv
RequestType,16,TXT,crowdstrike_RequestType.csv
RequestType,17,RP,crowdstrike_RequestType.csv
RequestType,18,AFSDB,crowdstrike_RequestType.csv
RequestType,19,X25,crowdstrike_RequestType.csv
RequestType,20,ISDN,crowdstrike_RequestType.csv
RequestType,21,RT,crowdstrike_RequestType.csv
RequestType,22,NSAP,crowdstrike_RequestType.csv
RequestType,23,NSAP-PTR,crowdstrike_RequestType.csv
RequestType,24,SIG,crowdstrike_RequestType.csv
RequestType,25,KEY,crowdstrike_RequestType.csv
RequestType,26,PX,crowdstrike_RequestType.csv
RequestType,27,GPOS,crowdstrike_RequestType.csv
RequestType,28,AAAA,crowdstrike_RequestType.csv
RequestType,29,LOC,crowdstrike_RequestType.csv
RequestType,30,NXT,crowdstrike_RequestType.csv
RequestType,31,EID,crowdstrike_RequestType.csv
RequestType,32,NIMLOC,crowdstrike_RequestType.csv
RequestType,33,SRV,crowdstrike_RequestType.csv
RequestType,34,ATMA,crowdstrike_RequestType.csv
RequestType,35,NAPTR,crowdstrike_RequestType.csv
RequestType,36,KX,crowdstrike_RequestType.csv
RequestType,37,CERT,crowdstrike_RequestType.csv
RequestType,38,A6,crowdstrike_RequestType.csv
RequestType,39,DNAME,crowdstrike_RequestType.csv
RequestType,40,SINK,crowdstrike_RequestType.csv
RequestType,41,OPT,crowdstrike_RequestType.csv
RequestType,42,APL,crowdstrike_RequestType.csv
RequestType,43,DS,crowdstrike_RequestType.csv
RequestType,44,SSHFP,crowdstrike_RequestType.csv
RequestType,45,IPSECKEY,crowdstrike_RequestType.csv
RequestType,46,RRSIG,crowdstrike_RequestType.csv
RequestType,47,NSEC,crowdstrike_RequestType.csv
RequestType,48,DNSKEY,crowdstrike_RequestType.csv
RequestType,49,DHCID,crowdstrike_RequestType.csv
RequestType,50,NSEC3,crowdstrike_RequestType.csv
RequestType,51,NSEC3PARAM,crowdstrike_RequestType.csv
RequestType,52,TLSA,crowdstrike_RequestType.csv
RequestType,53,SMIMEA,crowdstrike_RequestType.csv
RequestType,55,HIP,crowdstrike_RequestType.csv
RequestType,56,NINFO,crowdstrike_RequestType.csv
RequestType,57,RKEY,crowdstrike_RequestType.csv
RequestType,58,TALINK,crowdstrike_RequestType.csv
RequestType,59,CDS,crowdstrike_RequestType.csv
RequestType,60,CDNSKEY,crowdstrike_RequestType.csv
RequestType,61,OPENPGPKEY,crowdstrike_RequestType.csv
RequestType,62,CSYNC,crowdstrike_RequestType.csv
RequestType,63,ZONEMD,crowdstrike_RequestType.csv
RequestType,64,SVCB,crowdstrike_RequestType.csv
RequestType,65,HTTPS,crowdstrike_RequestType.csv
RequestType,99,SPF,crowdstrike_RequestType.csv
RequestType,100,UINFO,crowdstrike_RequestType.csv
RequestType,101,UID,crowdstrike_RequestType.csv
RequestType,102,GID,crowdstrike_RequestType.csv
RequestType,103,UNSPEC,crowdstrike_RequestType.csv
RequestType,104,NID,crowdstrike_RequestType.csv
RequestType,105,L32,crowdstrike_RequestType.csv
RequestType,106,L64,crowdstrike_RequestType.csv
RequestType,107,LP,crowdstrike_RequestType.csv
RequestType,108,EUI48,crowdstrike_RequestType.csv
RequestType,109,EUI64,crowdstrike_RequestType.csv
RequestType,249,TKEY,crowdstrike_RequestType.csv
RequestType,250,TSIG,crowdstrike_RequestType.csv
RequestType,251,IXFR,crowdstrike_RequestType.csv
RequestType,252,AXFR,crowdstrike_RequestType.csv
RequestType,253,MAILB,crowdstrike_RequestType.csv
RequestType,254,MAILA,crowdstrike_RequestType.csv
RequestType,255,*,crowdstrike_RequestType.csv
RequestType,256,URI,crowdstrike_RequestType.csv
RequestType,257,CAA,crowdstrike_RequestType.csv
RequestType,258,AVC,crowdstrike_RequestType.csv
RequestType,259,DOA,crowdstrike_RequestType.csv
RequestType,260,AMTRELAY,crowdstrike_RequestType.csv
RequestType,32768,TA,crowdstrike_RequestType.csv
RequestType,32769,DLV,crowdstrike_RequestType.csv
RequestType,65535,Reserved,crowdstrike_RequestType.csv
RuleAction,0,RULE_ACTION_INVALID,crowdstrike_RuleAction.csv
RuleAction,1,RULE_ACTION_ALLOW,crowdstrike_RuleAction.csv
RuleAction,2,RULE_ACTION_DENY,crowdstrike_RuleAction.csv
SEHValidationFailureFlags,0,VALID,crowdstrike_SEHValidationFailureFlags.csv
SEHValidationFailureFlags,1,TEB_PROBE_FAIL,crowdstrike_SEHValidationFailureFlags.csv
SEHValidationFailureFlags,2,NULL_RECORD,crowdstrike_SEHValidationFailureFlags.csv
SEHValidationFailureFlags,4,RECORD_NOT_ON_STACK,crowdstrike_SEHValidationFailureFlags.csv
SEHValidationFailureFlags,8,HANDLER_NULL,crowdstrike_SEHValidationFailureFlags.csv
SEHValidationFailureFlags,16,HANDLER_QUERY_FAIL,crowdstrike_SEHValidationFailureFlags.csv
SEHValidationFailureFlags,32,HANDLER_RWX,crowdstrike_SEHValidationFailureFlags.csv
SEHValidationFailureFlags,64,HANDLER_NX,crowdstrike_SEHValidationFailureFlags.csv
SEHValidationFailureFlags,128,RECORD_ORDER,crowdstrike_SEHValidationFailureFlags.csv
SEHValidationFailureFlags,256,UNREASONABLE_RECURSION,crowdstrike_SEHValidationFailureFlags.csv
SEHValidationFailureFlags,512,TERMINATES,crowdstrike_SEHValidationFailureFlags.csv
SEHValidationFailureFlags,1024,HANDLER_NOT_IN_IMAGE,crowdstrike_SEHValidationFailureFlags.csv
SEHValidationFailureFlags,2048,RECORD_PROBE_FAIL,crowdstrike_SEHValidationFailureFlags.csv
SEHValidationFailureFlags,4096,LAST_HANDLER_OUTSIDE_NTDLL,crowdstrike_SEHValidationFailureFlags.csv
SEHValidationFailureFlags,8192,IMPROPER_STACK,crowdstrike_SEHValidationFailureFlags.csv
SEHValidationFailureFlags,2147483648,INVALID,crowdstrike_SEHValidationFailureFlags.csv
SELinuxEnforcementPolicy,0,ENFORCED,crowdstrike_SELinuxEnforcementPolicy.csv
SELinuxEnforcementPolicy,1,PERMISSIVE,crowdstrike_SELinuxEnforcementPolicy.csv
SELinuxEnforcementPolicy,2,DISABLED,crowdstrike_SELinuxEnforcementPolicy.csv
SELinuxEnforcementPolicy,3,UNKNOWN,crowdstrike_SELinuxEnforcementPolicy.csv
SHA256HashData,39328314281799439668232089789546237790403030920341874829807915670489544399352,STATIC_SHA256_DOPPELGANGING,crowdstrike_SHA256HashData.csv
SafetyNetFailureType,1,DISABLED,crowdstrike_SafetyNetFailureType.csv
SafetyNetFailureType,2,INVALID_RESPONSE,crowdstrike_SafetyNetFailureType.csv
ScreenshotType,1,BLIT_OPERATION,crowdstrike_ScreenshotType.csv
ScreenshotType,2,SNAPSHOT_OPERATION,crowdstrike_ScreenshotType.csv
ScriptContentSource,0,INCONCLUSIVE,crowdstrike_ScriptContentSource.csv
ScriptContentSource,1,FILE,crowdstrike_ScriptContentSource.csv
ScriptContentSource,2,COMMAND,crowdstrike_ScriptContentSource.csv
ScriptContentSource,3,ENCODEDCOMMAND,crowdstrike_ScriptContentSource.csv
ScriptContentSource,4,STDIN,crowdstrike_ScriptContentSource.csv
ScriptContentSource,5,DYNAMIC,crowdstrike_ScriptContentSource.csv
ScriptContentSource,6,INTERACTIVE,crowdstrike_ScriptContentSource.csv
ScriptControlErrorCode,0,SC_MIN,crowdstrike_ScriptControlErrorCode.csv
ScriptControlErrorCode,1,SC_HOOK_CREATION_FAILED,crowdstrike_ScriptControlErrorCode.csv
ScriptControlErrorCode,2,SC_LOAD_CALLBACK_FAILED,crowdstrike_ScriptControlErrorCode.csv
ScriptControlErrorCode,3,SC_DELAYED_LOAD_MANAGED_DLL_FAILED,crowdstrike_ScriptControlErrorCode.csv
ScriptControlErrorCode,4,SC_MANAGED_DLL_ON_ASSEMBLY_LOAD_FAILED,crowdstrike_ScriptControlErrorCode.csv
ScriptControlErrorCode,5,SC_MANAGED_DLL_CONSOLE_HOST_INITIALIZE_FAILED,crowdstrike_ScriptControlErrorCode.csv
ScriptControlErrorCode,6,SC_MAX,crowdstrike_ScriptControlErrorCode.csv
ScriptingLanguageId,1,UNKNOWN,crowdstrike_ScriptingLanguageId.csv
ScriptingLanguageId,2,POWERSHELL,crowdstrike_ScriptingLanguageId.csv
ScriptingLanguageId,3,VBA,crowdstrike_ScriptingLanguageId.csv
ScriptingLanguageId,4,VBSCRIPT,crowdstrike_ScriptingLanguageId.csv
ScriptingLanguageId,5,JSCRIPT,crowdstrike_ScriptingLanguageId.csv
ScriptingLanguageId,6,DOTNET,crowdstrike_ScriptingLanguageId.csv
ServiceErrorControl,0,SERVICE_ERROR_IGNORE,crowdstrike_ServiceErrorControl.csv
ServiceErrorControl,1,SERVICE_ERROR_NORMAL,crowdstrike_ServiceErrorControl.csv
ServiceErrorControl,2,SERVICE_ERROR_SEVERE,crowdstrike_ServiceErrorControl.csv
ServiceErrorControl,3,SERVICE_ERROR_CRITICAL,crowdstrike_ServiceErrorControl.csv
ServiceServiceSidType,0,SERVICE_SID_TYPE_NONE,crowdstrike_ServiceServiceSidType.csv
ServiceServiceSidType,1,SERVICE_SID_TYPE_UNRESTRICTED,crowdstrike_ServiceServiceSidType.csv
ServiceServiceSidType,3,SERVICE_TYPE_RESTRICTED,crowdstrike_ServiceServiceSidType.csv
ServiceStart,0,SERVICE_BOOT_START,crowdstrike_ServiceStart.csv
ServiceStart,1,SERVICE_SYSTEM_START,crowdstrike_ServiceStart.csv
ServiceStart,2,SERVICE_AUTO_START,crowdstrike_ServiceStart.csv
ServiceStart,3,SERVICE_DEMAND_START,crowdstrike_ServiceStart.csv
ServiceStart,4,SERVICE_DISABLED,crowdstrike_ServiceStart.csv
ServiceType,1,SERVICE_KERNEL_DRIVER,crowdstrike_ServiceType.csv
ServiceType,2,SERVICE_FILE_SYSTEM_DRIVER,crowdstrike_ServiceType.csv
ServiceType,4,SERVICE_ADAPTER,crowdstrike_ServiceType.csv
ServiceType,8,SERVICE_RECOGNIZER_DRIVER,crowdstrike_ServiceType.csv
ServiceType,16,SERVICE_WIN32_OWN_PROCESS,crowdstrike_ServiceType.csv
ServiceType,32,SERVICE_WIN32_SHARE_PROCESS,crowdstrike_ServiceType.csv
ServiceType,256,SERVICE_INTERACTIVE_PROCESS,crowdstrike_ServiceType.csv
ShowWindowFlags,0,SW_HIDE,crowdstrike_ShowWindowFlags.csv
ShowWindowFlags,1,SW_SHOWNORMAL,crowdstrike_ShowWindowFlags.csv
ShowWindowFlags,2,SW_SHOWMINIMIZED,crowdstrike_ShowWindowFlags.csv
ShowWindowFlags,3,SW_MAXIMIZE,crowdstrike_ShowWindowFlags.csv
ShowWindowFlags,4,SW_SHOWNOACTIVATE,crowdstrike_ShowWindowFlags.csv
ShowWindowFlags,5,SW_SHOW,crowdstrike_ShowWindowFlags.csv
ShowWindowFlags,6,SW_MINIMIZE,crowdstrike_ShowWindowFlags.csv
ShowWindowFlags,7,SW_SHOWMINNOACTIVE,crowdstrike_ShowWindowFlags.csv
ShowWindowFlags,8,SW_SHOWNA,crowdstrike_ShowWindowFlags.csv
ShowWindowFlags,9,SW_RESTORE,crowdstrike_ShowWindowFlags.csv
ShowWindowFlags,10,SW_SHOWDEFAULT,crowdstrike_ShowWindowFlags.csv
ShowWindowFlags,11,SW_FORCEMINIMIZE,crowdstrike_ShowWindowFlags.csv
SignatureErrorState,0,NONE,crowdstrike_SignatureErrorState.csv
SignatureErrorState,1,MINCRYPT_POLICY_NO_SIGNATURE,crowdstrike_SignatureErrorState.csv
SignatureErrorState,2,MINCRYPT_POLICY_BAD_CHAIN,crowdstrike_SignatureErrorState.csv
SignatureErrorState,4,MINCRYPT_POLICY_BAD_SIGNATURE,crowdstrike_SignatureErrorState.csv
SignatureErrorState,8,MINCRYPT_POLICY_NO_CODE_EKU,crowdstrike_SignatureErrorState.csv
SignatureErrorState,16,MINCRYPT_POLICY_NO_PAGE_HASHES,crowdstrike_SignatureErrorState.csv
SignatureErrorState,32,MINCRYPT_POLICY_CERT_REVOKED,crowdstrike_SignatureErrorState.csv
SignatureErrorState,64,MINCRYPT_POLICY_CERT_EXPIRED,crowdstrike_SignatureErrorState.csv
SignatureErrorState,4096,MINCRYPT_POLICY_UNKNOWN_ERROR,crowdstrike_SignatureErrorState.csv
StackHashVersion,0,INITIAL_VERSION,crowdstrike_StackHashVersion.csv
StandbyBucket,5,STANDBY_BUCKET_EXEMPTED,crowdstrike_StandbyBucket.csv
StandbyBucket,10,STANDBY_BUCKET_ACTIVE,crowdstrike_StandbyBucket.csv
StandbyBucket,20,STANDBY_BUCKET_WORKING_SET,crowdstrike_StandbyBucket.csv
StandbyBucket,30,STANDBY_BUCKET_FREQUENT,crowdstrike_StandbyBucket.csv
StandbyBucket,40,STANDBY_BUCKET_RARE,crowdstrike_StandbyBucket.csv
StandbyBucket,50,STANDBY_BUCKET_NEVER,crowdstrike_StandbyBucket.csv
Status,0,STATUS_SUCCESS,crowdstrike_Status.csv
Status,258,STATUS_TIMEOUT,crowdstrike_Status.csv
Status,259,STATUS_PENDING,crowdstrike_Status.csv
Status,290,STATUS_NOTHING_TO_TERMINATE,crowdstrike_Status.csv
Status,538181633,STATUS_COMPONENT_ENABLED,crowdstrike_Status.csv
Status,1611530273,STATUS_MASK_ADJUSTED,crowdstrike_Status.csv
Status,1611726866,STATUS_DEP_DISABLED_APPCOMPAT,crowdstrike_Status.csv
Status,1611792386,STATUS_NO_EXISTING_CREDENTIALS,crowdstrike_Status.csv
Status,1611923478,STATUS_COMPONENT_STOPPED,crowdstrike_Status.csv
Status,1612251168,STATUS_HTTP_VISIBILITY_ENABLED,crowdstrike_Status.csv
Status,1612251176,STATUS_SMTP_VISIBILITY_ENABLED,crowdstrike_Status.csv
Status,1612447779,STATUS_PREVENTION_NOT_NEEDED,crowdstrike_Status.csv
Status,1612578852,STATUS_ALREADY_BLOCKED,crowdstrike_Status.csv
Status,2147483649,STATUS_GUARD_PAGE_VIOLATION,crowdstrike_Status.csv
Status,3221225473,STATUS_UNSUCCESSFUL,crowdstrike_Status.csv
Status,3221225485,STATUS_INVALID_PARAMETER,crowdstrike_Status.csv
Status,3221225492,STATUS_UNRECOGNIZED_MEDIA,crowdstrike_Status.csv
Status,3221225506,STATUS_ACCESS_DENIED,crowdstrike_Status.csv
Status,3221225524,STATUS_OBJECT_NAME_NOT_FOUND,crowdstrike_Status.csv
Status,3221225533,STATUS_DATA_LATE_ERROR,crowdstrike_Status.csv
Status,3221225541,STATUS_INVALID_PAGE_PROTECTION,crowdstrike_Status.csv
Status,3221225609,STATUS_RESOURCE_DATA_NOT_FOUND,crowdstrike_Status.csv
Status,3221225611,STATUS_RESOURCE_NAME_NOT_FOUND,crowdstrike_Status.csv
Status,3221225620,STATUS_INTEGER_DIVIDE_BY_ZERO,crowdstrike_Status.csv
Status,3221225653,STATUS_IO_TIMEOUT,crowdstrike_Status.csv
Status,3221225659,STATUS_NOT_SUPPORTED,crowdstrike_Status.csv
Status,3221225738,STATUS_PROCESS_IS_TERMINATING,crowdstrike_Status.csv
Status,3221225760,STATUS_CANCELLED,crowdstrike_Status.csv
Status,3221226029,STATUS_RETRY,crowdstrike_Status.csv
Status,3221226138,STATUS_POLICY_OBJECT_NOT_FOUND,crowdstrike_Status.csv
Status,3221226347,STATUS_DRIVER_BLOCKED_CRITICAL,crowdstrike_Status.csv
Status,3221227780,STATUS_FILE_TOO_LARGE,crowdstrike_Status.csv
Status,3226533891,STATUS_LFO_STATIC_CONFIG_DOWNLOAD_DISABLED,crowdstrike_Status.csv
Status,3758096423,STATUS_PROCESS_KILLED,crowdstrike_Status.csv
Status,3758358545,STATUS_FEATURE_DISABLED,crowdstrike_Status.csv
Status,3759013928,STATUS_PROCESS_CRITICAL,crowdstrike_Status.csv
Status,3759013929,STATUS_PROCESS_WHITELISTED,crowdstrike_Status.csv
Status,3759013930,STATUS_PROCESS_MICROSOFT_SIGNED,crowdstrike_Status.csv
Status,3759013931,STATUS_PROCESS_APPLE_SIGNED,crowdstrike_Status.csv
Status,3759407166,STATUS_COMPONENT_DISABLED,crowdstrike_Status.csv
Status,3760521403,STATUS_NO_ACTIVE_RPC_THREAD,crowdstrike_Status.csv
Status,3760849112,STATUS_NON_CROWDSTRIKE,crowdstrike_Status.csv
Status,3760914656,STATUS_LFO_UPLOAD_FAILURE,crowdstrike_Status.csv
Status,3760914657,STATUS_LFO_UPLOAD_CLOUD_FAILURE,crowdstrike_Status.csv
Status,3760914660,STATUS_PROCESS_LSASS,crowdstrike_Status.csv
Status,3760914661,STATUS_PROCESS_CROWDSTRIKE,crowdstrike_Status.csv
SuppressType,0,GLOBAL,crowdstrike_SuppressType.csv
SuppressType,1,PARENT,crowdstrike_SuppressType.csv
SuppressType,2,UID,crowdstrike_SuppressType.csv
SuppressType,3,UIDNORMALIZED,crowdstrike_SuppressType.csv
SuppressType,4,PREFILTER,crowdstrike_SuppressType.csv
SuppressType,5,TIMEOUT_CHECK,crowdstrike_SuppressType.csv
SuspectStackFlag,0,NOT_SUSPECT,crowdstrike_SuspectStackFlag.csv
SuspectStackFlag,1,THREAD_START_NOT_IN_MODULE,crowdstrike_SuspectStackFlag.csv
SuspectStackFlag,2,THREAD_START_IN_NON_IMAGE_FILE,crowdstrike_SuspectStackFlag.csv
SuspectStackFlag,4,INVALID_TEB_STACK_VALUES,crowdstrike_SuspectStackFlag.csv
SuspectStackFlag,8,STACK_POINTER_NOT_IN_STACK,crowdstrike_SuspectStackFlag.csv
SuspectStackFlag,16,BASE_POINTER_NOT_IN_STACK,crowdstrike_SuspectStackFlag.csv
SuspectStackFlag,32,SYSCALL_RETURN_ADDRESS_NOT_IN_NTDLL,crowdstrike_SuspectStackFlag.csv
SuspectStackFlag,64,SYSCALL_RETURN_ADDRESS_ON_STACK,crowdstrike_SuspectStackFlag.csv
SuspectStackFlag,128,STACK_IS_EXECUTABLE,crowdstrike_SuspectStackFlag.csv
SuspectStackFlag,256,RETURN_ADDRESS_NOT_IN_MODULE,crowdstrike_SuspectStackFlag.csv
SuspectStackFlag,512,RETURN_ADDRESS_IN_NON_IMAGE_FILE,crowdstrike_SuspectStackFlag.csv
SuspectStackFlag,1024,RETURN_ADDRESS_IS_WRITABLE,crowdstrike_SuspectStackFlag.csv
SuspectStackFlag,1280,RETURN_ADDRESS_NOT_IN_MODULE_AND_IS_WRITABLE,crowdstrike_SuspectStackFlag.csv
SuspectStackFlag,2048,ADDRESS_IN_REFLECTIVELY_LOADED_DLL,crowdstrike_SuspectStackFlag.csv
SyntheticPR2Flags,0,PROCESS_RUNDOWN,crowdstrike_SyntheticPR2Flags.csv
SyntheticPR2Flags,1,PROCESS_HOLLOWED,crowdstrike_SyntheticPR2Flags.csv
SyntheticPR2Flags,2,APP_MONITORING,crowdstrike_SyntheticPR2Flags.csv
SyntheticPR2Flags,4,IMAGEHASH_FAILURE,crowdstrike_SyntheticPR2Flags.csv
SyntheticPR2Flags,8,FILE_PATH_EXCLUDED,crowdstrike_SyntheticPR2Flags.csv
SyntheticPR2Flags,16,PROCESS_FORK_FOLDING,crowdstrike_SyntheticPR2Flags.csv
SyntheticPR2Flags,36,IMAGEHASH_FAILURE_WITH_UMLI_IFN,crowdstrike_SyntheticPR2Flags.csv
SystemTableIndex,0,GENERAL,crowdstrike_SystemTableIndex.csv
SystemTableIndex,1,CONFIG_STATE_HASH,crowdstrike_SystemTableIndex.csv
SystemTableIndex,2,CONFIG_STATE_TESTING,crowdstrike_SystemTableIndex.csv
TargetAndroidComponentType,1,COMPONENT_TYPE_ACTIVITY,crowdstrike_TargetAndroidComponentType.csv
TargetAndroidComponentType,2,COMPONENT_TYPE_SERVICE,crowdstrike_TargetAndroidComponentType.csv
TargetAndroidComponentType,3,COMPONENT_TYPE_BROADCAST_RECEIVER,crowdstrike_TargetAndroidComponentType.csv
TargetAndroidComponentType,4,COMPONENT_TYPE_CONTENT_PROVIDER,crowdstrike_TargetAndroidComponentType.csv
TemplateDisposition,0,TEMPLATE_DISPOSITION_NOACTION,crowdstrike_TemplateDisposition.csv
TemplateDisposition,3,TEMPLATE_DISPOSITION_ANALYSIS,crowdstrike_TemplateDisposition.csv
TemplateDisposition,4,TEMPLATE_DISPOSITION_SENSOR_ONLY,crowdstrike_TemplateDisposition.csv
TemplateDisposition,10,TEMPLATE_DISPOSITION_INDICATOR,crowdstrike_TemplateDisposition.csv
TemplateDisposition,20,TEMPLATE_DISPOSITION_DETECT,crowdstrike_TemplateDisposition.csv
TemplateDisposition,25,TEMPLATE_DISPOSITION_OPERATION_BLOCK,crowdstrike_TemplateDisposition.csv
TemplateDisposition,30,TEMPLATE_DISPOSITION_PREVENT,crowdstrike_TemplateDisposition.csv
TemplateDisposition,60,TEMPLATE_DISPOSITION_PREVENT_KILLPARENT,crowdstrike_TemplateDisposition.csv
ThreadExecutionControlType,0,THREAD_INJECT,crowdstrike_ThreadExecutionControlType.csv
ThreadExecutionControlType,1,THREAD_INJECT_MASQUERADE,crowdstrike_ThreadExecutionControlType.csv
ThreadExecutionControlType,2,THREAD_HIJACK,crowdstrike_ThreadExecutionControlType.csv
ThreadExecutionControlType,3,PROCESS_HOLLOWING,crowdstrike_ThreadExecutionControlType.csv
ThreadExecutionControlType,4,WINDOWS_HOOK,crowdstrike_ThreadExecutionControlType.csv
ThreadExecutionControlType,5,PROCESS_OVERWRITE_HOLLOWING,crowdstrike_ThreadExecutionControlType.csv
ThreadExecutionControlType,6,REMOTE_APC,crowdstrike_ThreadExecutionControlType.csv
ThreadExecutionControlType,7,REMOTE_ATOM_BOMB,crowdstrike_ThreadExecutionControlType.csv
ThreadExecutionControlType,8,PROCESS_HOLLOWING_APC,crowdstrike_ThreadExecutionControlType.csv
ThreadExecutionControlType,9,SET_WINDOW_LONG,crowdstrike_ThreadExecutionControlType.csv
ThreadExecutionControlType,10,SET_PROP,crowdstrike_ThreadExecutionControlType.csv
TokenObjectCheckType,0,CAPTURETOKEN,crowdstrike_TokenObjectCheckType.csv
TokenObjectCheckType,1,CREATEPROCESS,crowdstrike_TokenObjectCheckType.csv
TokenObjectCheckType,2,CREATETHREAD,crowdstrike_TokenObjectCheckType.csv
TokenObjectCheckType,4,USERLOADIMAGE,crowdstrike_TokenObjectCheckType.csv
TokenObjectCheckType,8,PEFILEWRITE,crowdstrike_TokenObjectCheckType.csv
TokenObjectCheckType,16,ASEPUPDATE,crowdstrike_TokenObjectCheckType.csv
TokenObjectCheckType,32,NETWORKIOCTL,crowdstrike_TokenObjectCheckType.csv
TokenObjectCheckType,64,OPENPROCESS,crowdstrike_TokenObjectCheckType.csv
TokenObjectCheckType,2147483648,DELETE,crowdstrike_TokenObjectCheckType.csv
TokenType,0,INVALID_TOKEN,crowdstrike_TokenType.csv
TokenType,1,PRIMARY_TOKEN,crowdstrike_TokenType.csv
TokenType,2,IMPERSONATION_TOKEN,crowdstrike_TokenType.csv
UACCredentialCaptureActionType,0,DEFAULT,crowdstrike_UACCredentialCaptureActionType.csv
UACCredentialCaptureActionType,1,REFRESH,crowdstrike_UACCredentialCaptureActionType.csv
UACElevationReason,0,APP_COMPAT_EXPLICIT,crowdstrike_UACElevationReason.csv
UACElevationReason,1,APP_COMPAT_HEURISTIC,crowdstrike_UACElevationReason.csv
UACElevationReason,2,SXS_FUSION,crowdstrike_UACElevationReason.csv
UACElevationReason,3,INSTALLER,crowdstrike_UACElevationReason.csv
UACElevationReason,4,CLSID,crowdstrike_UACElevationReason.csv
UACElevationReason,5,MSI,crowdstrike_UACElevationReason.csv
UACElevationReason,6,REQUEST,crowdstrike_UACElevationReason.csv
UACElevationReason,7,AXIS,crowdstrike_UACElevationReason.csv
UACMSIAction,0,INSTALL,crowdstrike_UACMSIAction.csv
UACMSIAction,1,UNINSTALL,crowdstrike_UACMSIAction.csv
UACMSIAction,2,UPDATE,crowdstrike_UACMSIAction.csv
UACPromptType,0,NONE,crowdstrike_UACPromptType.csv
UACPromptType,1,SILENT,crowdstrike_UACPromptType.csv
UACPromptType,2,CONSENT,crowdstrike_UACPromptType.csv
UACPromptType,3,CREDENTIALS,crowdstrike_UACPromptType.csv
UmppaInjectionType,0,UMPPC,crowdstrike_UmppaInjectionType.csv
UmppaInjectionType,1,EXTENSION,crowdstrike_UmppaInjectionType.csv
UmppcEntryReason,1,PROCESS_UNLOAD,crowdstrike_UmppcEntryReason.csv
UmppcEntryReason,2,UNLOAD_FAILED,crowdstrike_UmppcEntryReason.csv
UmppcEntryReason,3,SUSPECT_CALLER,crowdstrike_UmppcEntryReason.csv
UmppcEntryReason,4,INVALID_BASE,crowdstrike_UmppcEntryReason.csv
UmppcEntryReason,5,INVALID_REASON,crowdstrike_UmppcEntryReason.csv
UmppcEntryReason,6,INVALID_RESERVED,crowdstrike_UmppcEntryReason.csv
UpdateFlag,0,UPDATE_INVALID,crowdstrike_UpdateFlag.csv
UpdateFlag,1,UPDATE_ENUMERATION,crowdstrike_UpdateFlag.csv
UpdateFlag,2,UPDATE_REMOVED,crowdstrike_UpdateFlag.csv
UpdateFlag,3,UPDATE_ADDED,crowdstrike_UpdateFlag.csv
UpdateFlag,4,UPDATE_OBSOLETE,crowdstrike_UpdateFlag.csv
UpdateFlag,5,UPDATE_REVISED,crowdstrike_UpdateFlag.csv
UserLogoffType,1,LOGOFF_EVENT_SOURCE,crowdstrike_UserLogoffType.csv
UserLogoffType,2,LOGOFF_PROFILE_UNLOAD,crowdstrike_UserLogoffType.csv
UserLogoffType,3,ETW,crowdstrike_UserLogoffType.csv
UserLogoffType,4,SYNTHETIC,crowdstrike_UserLogoffType.csv
UserModeHookSource,1,UMPPC,crowdstrike_UserModeHookSource.csv
UserModeHookSource,2,ETW,crowdstrike_UserModeHookSource.csv
UserSid,310693935640959719542095872,SELF_RID,crowdstrike_UserSid.csv
VnodeModificationType,0,CREATE,crowdstrike_VnodeModificationType.csv
VnodeModificationType,1,LINK,crowdstrike_VnodeModificationType.csv
VnodeModificationType,2,OPEN,crowdstrike_VnodeModificationType.csv
VnodeModificationType,3,RENAME_FROM,crowdstrike_VnodeModificationType.csv
VnodeModificationType,4,RENAME_TO,crowdstrike_VnodeModificationType.csv
VnodeModificationType,5,TRUNCATE,crowdstrike_VnodeModificationType.csv
VnodeModificationType,6,UNLINK,crowdstrike_VnodeModificationType.csv
VnodeModificationType,7,WRITE,crowdstrike_VnodeModificationType.csv
VnodeModificationType,8,SET_FLAGS,crowdstrike_VnodeModificationType.csv
VnodeModificationType,9,SET_MODE,crowdstrike_VnodeModificationType.csv
VnodeModificationType,10,CLOSE,crowdstrike_VnodeModificationType.csv
VnodeModificationType,11,EXECUTE,crowdstrike_VnodeModificationType.csv
VnodeModificationType,12,DUP,crowdstrike_VnodeModificationType.csv
VnodeModificationType,13,FCNTL,crowdstrike_VnodeModificationType.csv
VnodeModificationType,14,MMAP,crowdstrike_VnodeModificationType.csv
VnodeType,0,VNON,crowdstrike_VnodeType.csv
VnodeType,1,VREG,crowdstrike_VnodeType.csv
VnodeType,2,VDIR,crowdstrike_VnodeType.csv
VnodeType,3,VBLK,crowdstrike_VnodeType.csv
VnodeType,4,VCHR,crowdstrike_VnodeType.csv
VnodeType,5,VLNK,crowdstrike_VnodeType.csv
VnodeType,6,VSOCK,crowdstrike_VnodeType.csv
VnodeType,7,VFIFO,crowdstrike_VnodeType.csv
VnodeType,8,VBAD,crowdstrike_VnodeType.csv
VnodeType,9,VSTR,crowdstrike_VnodeType.csv
VnodeType,10,VCPLX,crowdstrike_VnodeType.csv
VolumeFileSystemType,1,RAW,crowdstrike_VolumeFileSystemType.csv
WellKnownTargetFunction,0,UNKNOWN,crowdstrike_WellKnownTargetFunction.csv
WellKnownTargetFunction,1,LOAD_LIBRARY_A,crowdstrike_WellKnownTargetFunction.csv
WellKnownTargetFunction,2,LOAD_LIBRARY_W,crowdstrike_WellKnownTargetFunction.csv
WellKnownTargetFunction,3,GLOBAL_GET_ATOM_NAME_A,crowdstrike_WellKnownTargetFunction.csv
WellKnownTargetFunction,4,GLOBAL_GET_ATOM_NAME_W,crowdstrike_WellKnownTargetFunction.csv
WellKnownTargetFunction,5,RTL_DISPATCH_APC,crowdstrike_WellKnownTargetFunction.csv
WhitelistingSource,1,WHITELISTING_BY_PROCESS,crowdstrike_WhitelistingSource.csv
WhitelistingSource,2,WHITELISTING_BY_TREE,crowdstrike_WhitelistingSource.csv
WhitelistingSource,3,POST_FIRING_WHITELISTING_BY_TREE,crowdstrike_WhitelistingSource.csv
WhitelistingSource,4,WHITELISTING_BY_STRING,crowdstrike_WhitelistingSource.csv
WhitelistingSource,5,WHITELISTING_BY_ENGINE,crowdstrike_WhitelistingSource.csv
WhitelistingSource,6,CUSTOMER_WHITELISTING_BY_STRING,crowdstrike_WhitelistingSource.csv
