sourcetype,kind,cim_field,fdr_field,events,detail
crowdstrike:events:external,LOOKUP,appinfo_company_name,SHA256HashData,,LOOKUP-crowdstrike_ta_appinfo_resolution_for_security_events via crowdstrike_ta_build_appinfo_resolution_lookup (CompanyName)
crowdstrike:events:external,LOOKUP,appinfo_detection_count,SHA256HashData,,LOOKUP-crowdstrike_ta_appinfo_resolution_for_security_events via crowdstrike_ta_build_appinfo_resolution_lookup (detectionCount)
crowdstrike:events:external,LOOKUP,appinfo_file_description,SHA256HashData,,LOOKUP-crowdstrike_ta_appinfo_resolution_for_security_events via crowdstrike_ta_build_appinfo_resolution_lookup (FileDescription)
crowdstrike:events:external,LOOKUP,appinfo_file_name,SHA256HashData,,LOOKUP-crowdstrike_ta_appinfo_resolution_for_security_events via crowdstrike_ta_build_appinfo_resolution_lookup (FileName)
crowdstrike:events:external,LOOKUP,appinfo_file_version,SHA256HashData,,LOOKUP-crowdstrike_ta_appinfo_resolution_for_security_events via crowdstrike_ta_build_appinfo_resolution_lookup (FileVersion)
crowdstrike:events:external,LOOKUP,appinfo_product_name,SHA256HashData,,LOOKUP-crowdstrike_ta_appinfo_resolution_for_security_events via crowdstrike_ta_build_appinfo_resolution_lookup (ProductName)
crowdstrike:events:external,LOOKUP,appinfo_product_version,SHA256HashData,,LOOKUP-crowdstrike_ta_appinfo_resolution_for_security_events via crowdstrike_ta_build_appinfo_resolution_lookup (ProductVersion)
crowdstrike:events:sensor,LOOKUP,AccessoryConnectionType_meaning,AccessoryConnectionType,,LOOKUP-crowdstrike_ta_AccessoryConnectionType via crowdstrike_ta_lookup_AccessoryConnectionType (AccessoryConnectionType_meaning)
crowdstrike:events:sensor,LOOKUP,AccountStatus_meaning,AccountStatus,,LOOKUP-crowdstrike_ta_AccountStatus via crowdstrike_ta_lookup_AccountStatus (AccountStatus_meaning)
crowdstrike:events:sensor,LOOKUP,ActiveDirectoryAuditActionType_meaning,ActiveDirectoryAuditActionType,,LOOKUP-crowdstrike_ta_ActiveDirectoryAuditActionType via crowdstrike_ta_bitmask_lookup_ActiveDirectoryAuditActionType (result)
crowdstrike:events:sensor,LOOKUP,ActiveDirectoryGroupScopeWrite_meaning,ActiveDirectoryGroupScopeWrite,,LOOKUP-crowdstrike_ta_ActiveDirectoryGroupScopeWrite via crowdstrike_ta_bitmask_lookup_ActiveDirectoryGroupScopeWrite (result)
crowdstrike:events:sensor,LOOKUP,AllocationType_meaning,AllocationType,,LOOKUP-crowdstrike_ta_AllocationType via crowdstrike_ta_lookup_AllocationType (AllocationType_meaning)
crowdstrike:events:sensor,LOOKUP,AmsiRegistrationState_meaning,AmsiRegistrationState,,LOOKUP-crowdstrike_ta_AmsiRegistrationState via crowdstrike_ta_lookup_AmsiRegistrationState (AmsiRegistrationState_meaning)
crowdstrike:events:sensor,LOOKUP,AmsiStatusCode_meaning,AmsiStatusCode,,LOOKUP-crowdstrike_ta_AmsiStatusCode via crowdstrike_ta_lookup_AmsiStatusCode (AmsiStatusCode_meaning)
crowdstrike:events:sensor,LOOKUP,AndroidManifestFragmentType_meaning,AndroidManifestFragmentType,,LOOKUP-crowdstrike_ta_AndroidManifestFragmentType via crowdstrike_ta_lookup_AndroidManifestFragmentType (AndroidManifestFragmentType_meaning)
crowdstrike:events:sensor,LOOKUP,AndroidModuleId_meaning,AndroidModuleId,,LOOKUP-crowdstrike_ta_AndroidModuleId via crowdstrike_ta_lookup_AndroidModuleId (AndroidModuleId_meaning)
crowdstrike:events:sensor,LOOKUP,AndroidModuleState_meaning,AndroidModuleState,,LOOKUP-crowdstrike_ta_AndroidModuleState via crowdstrike_ta_lookup_AndroidModuleState (AndroidModuleState_meaning)
crowdstrike:events:sensor,LOOKUP,AntiTamperStateFlag_meaning,AntiTamperStateFlag,,LOOKUP-crowdstrike_ta_AntiTamperStateFlag via crowdstrike_ta_bitmask_lookup_AntiTamperStateFlag (result)
crowdstrike:events:sensor,LOOKUP,AppPathFlag_meaning,AppPathFlag,,LOOKUP-crowdstrike_ta_AppPathFlag via crowdstrike_ta_lookup_AppPathFlag (AppPathFlag_meaning)
crowdstrike:events:sensor,LOOKUP,AppProvider_meaning,AppProvider,,LOOKUP-crowdstrike_ta_AppProvider via crowdstrike_ta_lookup_AppProvider (AppProvider_meaning)
crowdstrike:events:sensor,LOOKUP,AppType_meaning,AppType,,LOOKUP-crowdstrike_ta_AppType via crowdstrike_ta_lookup_AppType (AppType_meaning)
crowdstrike:events:sensor,LOOKUP,AsepClass_meaning,AsepClass,,LOOKUP-crowdstrike_ta_AsepClass via crowdstrike_ta_lookup_AsepClass (AsepClass_meaning)
crowdstrike:events:sensor,LOOKUP,AsepFlags_meaning,AsepFlags,,LOOKUP-crowdstrike_ta_AsepFlags via crowdstrike_ta_bitmask_lookup_AsepFlags (result)
crowdstrike:events:sensor,LOOKUP,AsepValueType_meaning,AsepValueType,,LOOKUP-crowdstrike_ta_AsepValueType via crowdstrike_ta_lookup_AsepValueType (AsepValueType_meaning)
crowdstrike:events:sensor,LOOKUP,AssemblyFlags_meaning,AssemblyFlags,,LOOKUP-crowdstrike_ta_AssemblyFlags via crowdstrike_ta_bitmask_lookup_AssemblyFlags (result)
crowdstrike:events:sensor,LOOKUP,AuthenticationFailureMsErrorCode_meaning,AuthenticationFailureMsErrorCode,,LOOKUP-crowdstrike_ta_AuthenticationFailureMsErrorCode via crowdstrike_ta_bitmask_lookup_AuthenticationFailureMsErrorCode (result)
crowdstrike:events:sensor,LOOKUP,AuthenticationId_meaning,AuthenticationId,,LOOKUP-crowdstrike_ta_AuthenticationId via crowdstrike_ta_lookup_AuthenticationId (AuthenticationId_meaning)
crowdstrike:events:sensor,LOOKUP,AutoUpdate_meaning,AutoUpdate,,LOOKUP-crowdstrike_ta_AutoUpdate via crowdstrike_ta_bitmask_lookup_AutoUpdate (result)
crowdstrike:events:sensor,LOOKUP,BatteryStatus_meaning,BatteryStatus,,LOOKUP-crowdstrike_ta_BatteryStatus via crowdstrike_ta_lookup_BatteryStatus (BatteryStatus_meaning)
crowdstrike:events:sensor,LOOKUP,BillingType_meaning,BillingType,,LOOKUP-crowdstrike_ta_BillingType via crowdstrike_ta_lookup_BillingType (BillingType_meaning)
crowdstrike:events:sensor,LOOKUP,BlockingClassId_meaning,BlockingClassId,,LOOKUP-crowdstrike_ta_BlockingClassId via crowdstrike_ta_lookup_BlockingClassId (BlockingClassId_meaning)
crowdstrike:events:sensor,LOOKUP,BluetoothStatus_meaning,BluetoothStatus,,LOOKUP-crowdstrike_ta_BluetoothStatus via crowdstrike_ta_lookup_BluetoothStatus (BluetoothStatus_meaning)
crowdstrike:events:sensor,LOOKUP,BootTimeFunctionalityLevel_meaning,BootTimeFunctionalityLevel,,LOOKUP-crowdstrike_ta_BootTimeFunctionalityLevel via crowdstrike_ta_lookup_BootTimeFunctionalityLevel (BootTimeFunctionalityLevel_meaning)
crowdstrike:events:sensor,LOOKUP,BuildType_meaning,BuildType,,LOOKUP-crowdstrike_ta_BuildType via crowdstrike_ta_lookup_BuildType (BuildType_meaning)
crowdstrike:events:sensor,LOOKUP,CSAStatus_meaning,CSAStatus,,LOOKUP-crowdstrike_ta_CSAStatus via crowdstrike_ta_lookup_CSAStatus (CSAStatus_meaning)
crowdstrike:events:sensor,LOOKUP,CallStackModuleNamesVersion_meaning,CallStackModuleNamesVersion,,LOOKUP-crowdstrike_ta_CallStackModuleNamesVersion via crowdstrike_ta_lookup_CallStackModuleNamesVersion (CallStackModuleNamesVersion_meaning)
crowdstrike:events:sensor,LOOKUP,ChannelId_meaning,ChannelId,,LOOKUP-crowdstrike_ta_ChannelId via crowdstrike_ta_lookup_ChannelId (ChannelId_meaning)
crowdstrike:events:sensor,LOOKUP,ClientId_meaning,ClientId,,LOOKUP-crowdstrike_ta_ClientId via crowdstrike_ta_lookup_ClientId (ClientId_meaning)
crowdstrike:events:sensor,LOOKUP,CloudErrorCode_meaning,CloudErrorCode,,LOOKUP-crowdstrike_ta_CloudErrorCode via crowdstrike_ta_lookup_CloudErrorCode (CloudErrorCode_meaning)
crowdstrike:events:sensor,LOOKUP,CloudPlatform_meaning,CloudPlatform,,LOOKUP-crowdstrike_ta_CloudPlatform via crowdstrike_ta_lookup_CloudPlatform (CloudPlatform_meaning)
crowdstrike:events:sensor,LOOKUP,CodeSigningFlags_meaning,CodeSigningFlags,,LOOKUP-crowdstrike_ta_CodeSigningFlags via crowdstrike_ta_bitmask_lookup_CodeSigningFlags (result)
crowdstrike:events:sensor,LOOKUP,ConfigIDPlatform_meaning,ConfigIDPlatform,,LOOKUP-crowdstrike_ta_ConfigIDPlatform via crowdstrike_ta_bitmask_lookup_ConfigIDPlatform (result)
crowdstrike:events:sensor,LOOKUP,ConfigurationDescriptorAttributes_meaning,ConfigurationDescriptorAttributes,,LOOKUP-crowdstrike_ta_ConfigurationDescriptorAttributes via crowdstrike_ta_bitmask_lookup_ConfigurationDescriptorAttributes (result)
crowdstrike:events:sensor,LOOKUP,ConnectType_meaning,ConnectType,,LOOKUP-crowdstrike_ta_ConnectType via crowdstrike_ta_lookup_ConnectType (ConnectType_meaning)
crowdstrike:events:sensor,LOOKUP,ConnectionCipher_meaning,ConnectionCipher,,LOOKUP-crowdstrike_ta_ConnectionCipher via crowdstrike_ta_lookup_ConnectionCipher (ConnectionCipher_meaning)
crowdstrike:events:sensor,LOOKUP,ConnectionDirection_meaning,ConnectionDirection,,LOOKUP-crowdstrike_ta_ConnectionDirection via crowdstrike_ta_lookup_ConnectionDirection (ConnectionDirection_meaning)
crowdstrike:events:sensor,LOOKUP,ConnectionExchange_meaning,ConnectionExchange,,LOOKUP-crowdstrike_ta_ConnectionExchange via crowdstrike_ta_lookup_ConnectionExchange (ConnectionExchange_meaning)
crowdstrike:events:sensor,LOOKUP,ConnectionFlags_meaning,ConnectionFlags,,LOOKUP-crowdstrike_ta_ConnectionFlags via crowdstrike_ta_bitmask_lookup_ConnectionFlags (result)
crowdstrike:events:sensor,LOOKUP,ConnectionHash_meaning,ConnectionHash,,LOOKUP-crowdstrike_ta_ConnectionHash via crowdstrike_ta_lookup_ConnectionHash (ConnectionHash_meaning)
crowdstrike:events:sensor,LOOKUP,ConnectionProtocol_meaning,ConnectionProtocol,,LOOKUP-crowdstrike_ta_ConnectionProtocol via crowdstrike_ta_lookup_ConnectionProtocol (ConnectionProtocol_meaning)
crowdstrike:events:sensor,LOOKUP,ContainerizationErrorCode_meaning,ContainerizationErrorCode,,LOOKUP-crowdstrike_ta_ContainerizationErrorCode via crowdstrike_ta_lookup_ContainerizationErrorCode (ContainerizationErrorCode_meaning)
crowdstrike:events:sensor,LOOKUP,ControlStatus_meaning,ControlStatus,,LOOKUP-crowdstrike_ta_ControlStatus via crowdstrike_ta_lookup_ControlStatus (ControlStatus_meaning)
crowdstrike:events:sensor,LOOKUP,CpuVendor_meaning,CpuVendor,,LOOKUP-crowdstrike_ta_CpuVendor via crowdstrike_ta_lookup_CpuVendor (CpuVendor_meaning)
crowdstrike:events:sensor,LOOKUP,CrashLoadedModulesVersion_meaning,CrashLoadedModulesVersion,,LOOKUP-crowdstrike_ta_CrashLoadedModulesVersion via crowdstrike_ta_lookup_CrashLoadedModulesVersion (CrashLoadedModulesVersion_meaning)
crowdstrike:events:sensor,LOOKUP,CrashThreadCallStackVersion_meaning,CrashThreadCallStackVersion,,LOOKUP-crowdstrike_ta_CrashThreadCallStackVersion via crowdstrike_ta_lookup_CrashThreadCallStackVersion (CrashThreadCallStackVersion_meaning)
crowdstrike:events:sensor,LOOKUP,CreateProcessType_meaning,CreateProcessType,,LOOKUP-crowdstrike_ta_CreateProcessType via crowdstrike_ta_lookup_CreateProcessType (CreateProcessType_meaning)
crowdstrike:events:sensor,LOOKUP,CurrentFunctionalityLevel_meaning,CurrentFunctionalityLevel,,LOOKUP-crowdstrike_ta_CurrentFunctionalityLevel via crowdstrike_ta_lookup_CurrentFunctionalityLevel (CurrentFunctionalityLevel_meaning)
crowdstrike:events:sensor,LOOKUP,DcPolicyAction_meaning,DcPolicyAction,,LOOKUP-crowdstrike_ta_DcPolicyAction via crowdstrike_ta_lookup_DcPolicyAction (DcPolicyAction_meaning)
crowdstrike:events:sensor,LOOKUP,DcPolicyBlockTechnique_meaning,DcPolicyBlockTechnique,,LOOKUP-crowdstrike_ta_DcPolicyBlockTechnique via crowdstrike_ta_lookup_DcPolicyBlockTechnique (DcPolicyBlockTechnique_meaning)
crowdstrike:events:sensor,LOOKUP,DcPolicyFlags_meaning,DcPolicyFlags,,LOOKUP-crowdstrike_ta_DcPolicyFlags via crowdstrike_ta_bitmask_lookup_DcPolicyFlags (result)
crowdstrike:events:sensor,LOOKUP,DcPolicyMassStorageBlockPermissions_meaning,DcPolicyMassStorageBlockPermissions,,LOOKUP-crowdstrike_ta_DcPolicyMassStorageBlockPermissions via crowdstrike_ta_bitmask_lookup_DcPolicyMassStorageBlockPermissions (result)
crowdstrike:events:sensor,LOOKUP,DcPolicyMatchMethod_meaning,DcPolicyMatchMethod,,LOOKUP-crowdstrike_ta_DcPolicyMatchMethod via crowdstrike_ta_lookup_DcPolicyMatchMethod (DcPolicyMatchMethod_meaning)
crowdstrike:events:sensor,LOOKUP,DeactivationErrorCode_meaning,DeactivationErrorCode,,LOOKUP-crowdstrike_ta_DeactivationErrorCode via crowdstrike_ta_lookup_DeactivationErrorCode (DeactivationErrorCode_meaning)
crowdstrike:events:sensor,LOOKUP,DeviceConnectionStatus_meaning,DeviceConnectionStatus,,LOOKUP-crowdstrike_ta_DeviceConnectionStatus via crowdstrike_ta_lookup_DeviceConnectionStatus (DeviceConnectionStatus_meaning)
crowdstrike:events:sensor,LOOKUP,DllCharacteristics_meaning,DllCharacteristics,,LOOKUP-crowdstrike_ta_DllCharacteristics via crowdstrike_ta_bitmask_lookup_DllCharacteristics (result)
crowdstrike:events:sensor,LOOKUP,DnsResponseType_meaning,DnsResponseType,,LOOKUP-crowdstrike_ta_DnsResponseType via crowdstrike_ta_lookup_DnsResponseType (DnsResponseType_meaning)
crowdstrike:events:sensor,LOOKUP,DotnetModuleFlags_meaning,DotnetModuleFlags,,LOOKUP-crowdstrike_ta_DotnetModuleFlags via crowdstrike_ta_bitmask_lookup_DotnetModuleFlags (result)
crowdstrike:events:sensor,LOOKUP,DriverLoadFlags_meaning,DriverLoadFlags,,LOOKUP-crowdstrike_ta_DriverLoadFlags via crowdstrike_ta_lookup_DriverLoadFlags (DriverLoadFlags_meaning)
crowdstrike:events:sensor,LOOKUP,DriverPreventionStatusFlags_meaning,DriverPreventionStatusFlags,,LOOKUP-crowdstrike_ta_DriverPreventionStatusFlags via crowdstrike_ta_bitmask_lookup_DriverPreventionStatusFlags (result)
crowdstrike:events:sensor,LOOKUP,EnabledPrivilegesBitmask_meaning,EnabledPrivilegesBitmask,,LOOKUP-crowdstrike_ta_EnabledPrivilegesBitmask via crowdstrike_ta_bitmask_lookup_EnabledPrivilegesBitmask (result)
crowdstrike:events:sensor,LOOKUP,EndpointDescriptorAttributes_meaning,EndpointDescriptorAttributes,,LOOKUP-crowdstrike_ta_EndpointDescriptorAttributes via crowdstrike_ta_lookup_EndpointDescriptorAttributes (EndpointDescriptorAttributes_meaning)
crowdstrike:events:sensor,LOOKUP,ErrorSource_meaning,ErrorSource,,LOOKUP-crowdstrike_ta_ErrorSource via crowdstrike_ta_lookup_ErrorSource (ErrorSource_meaning)
crowdstrike:events:sensor,LOOKUP,ErrorStatus_meaning,ErrorStatus,,LOOKUP-crowdstrike_ta_ErrorStatus via crowdstrike_ta_lookup_ErrorStatus (ErrorStatus_meaning)
crowdstrike:events:sensor,LOOKUP,EtwChannelType_meaning,EtwChannelType,,LOOKUP-crowdstrike_ta_EtwChannelType via crowdstrike_ta_lookup_EtwChannelType (EtwChannelType_meaning)
crowdstrike:events:sensor,LOOKUP,EtwNegotiatedFlags_meaning,EtwNegotiatedFlags,,LOOKUP-crowdstrike_ta_EtwNegotiatedFlags via crowdstrike_ta_bitmask_lookup_EtwNegotiatedFlags (result)
crowdstrike:events:sensor,LOOKUP,ExceptionCode_meaning,ExceptionCode,,LOOKUP-crowdstrike_ta_ExceptionCode via crowdstrike_ta_lookup_ExceptionCode (ExceptionCode_meaning)
crowdstrike:events:sensor,LOOKUP,ExceptionInformation0_meaning,ExceptionInformation0,,LOOKUP-crowdstrike_ta_ExceptionInformation0 via crowdstrike_ta_lookup_ExceptionInformation0 (ExceptionInformation0_meaning)
crowdstrike:events:sensor,LOOKUP,ExclusionSource_meaning,ExclusionSource,,LOOKUP-crowdstrike_ta_ExclusionSource via crowdstrike_ta_lookup_ExclusionSource (ExclusionSource_meaning)
crowdstrike:events:sensor,LOOKUP,ExclusionType_meaning,ExclusionType,,LOOKUP-crowdstrike_ta_ExclusionType via crowdstrike_ta_lookup_ExclusionType (ExclusionType_meaning)
crowdstrike:events:sensor,LOOKUP,ExecutionPivot_meaning,ExecutionPivot,,LOOKUP-crowdstrike_ta_ExecutionPivot via crowdstrike_ta_lookup_ExecutionPivot (ExecutionPivot_meaning)
crowdstrike:events:sensor,LOOKUP,FalconServiceComponent_meaning,FalconServiceComponent,,LOOKUP-crowdstrike_ta_FalconServiceComponent via crowdstrike_ta_lookup_FalconServiceComponent (FalconServiceComponent_meaning)
crowdstrike:events:sensor,LOOKUP,FalconServiceState_meaning,FalconServiceState,,LOOKUP-crowdstrike_ta_FalconServiceState via crowdstrike_ta_lookup_FalconServiceState (FalconServiceState_meaning)
crowdstrike:events:sensor,LOOKUP,FfcServiceFlags_meaning,FfcServiceFlags,,LOOKUP-crowdstrike_ta_FfcServiceFlags via crowdstrike_ta_bitmask_lookup_FfcServiceFlags (result)
crowdstrike:events:sensor,LOOKUP,FileAttributes_meaning,FileAttributes,,LOOKUP-crowdstrike_ta_FileAttributes via crowdstrike_ta_bitmask_lookup_FileAttributes (result)
crowdstrike:events:sensor,LOOKUP,FileEcpBitmask_meaning,FileEcpBitmask,,LOOKUP-crowdstrike_ta_FileEcpBitmask via crowdstrike_ta_bitmask_lookup_FileEcpBitmask (result)
crowdstrike:events:sensor,LOOKUP,FileEventType_meaning,FileEventType,,LOOKUP-crowdstrike_ta_FileEventType via crowdstrike_ta_lookup_FileEventType (FileEventType_meaning)
crowdstrike:events:sensor,LOOKUP,FileKnownStatus_meaning,FileKnownStatus,,LOOKUP-crowdstrike_ta_FileKnownStatus via crowdstrike_ta_lookup_FileKnownStatus (FileKnownStatus_meaning)
crowdstrike:events:sensor,LOOKUP,FileSubType_meaning,FileSubType,,LOOKUP-crowdstrike_ta_FileSubType via crowdstrike_ta_lookup_FileSubType (FileSubType_meaning)
crowdstrike:events:sensor,LOOKUP,FileSystemOperationType_meaning,FileSystemOperationType,,LOOKUP-crowdstrike_ta_FileSystemOperationType via crowdstrike_ta_lookup_FileSystemOperationType (FileSystemOperationType_meaning)
crowdstrike:events:sensor,LOOKUP,FileWrittenFlags_meaning,FileWrittenFlags,,LOOKUP-crowdstrike_ta_FileWrittenFlags via crowdstrike_ta_lookup_FileWrittenFlags (FileWrittenFlags_meaning)
crowdstrike:events:sensor,LOOKUP,FirewallAction_meaning,FirewallAction,,LOOKUP-crowdstrike_ta_FirewallAction via crowdstrike_ta_lookup_FirewallAction (FirewallAction_meaning)
crowdstrike:events:sensor,LOOKUP,FirewallProfile_meaning,FirewallProfile,,LOOKUP-crowdstrike_ta_FirewallProfile via crowdstrike_ta_lookup_FirewallProfile (FirewallProfile_meaning)
crowdstrike:events:sensor,LOOKUP,FirmwareAnalysisErrorSource_meaning,FirmwareAnalysisErrorSource,,LOOKUP-crowdstrike_ta_FirmwareAnalysisErrorSource via crowdstrike_ta_lookup_FirmwareAnalysisErrorSource (FirmwareAnalysisErrorSource_meaning)
crowdstrike:events:sensor,LOOKUP,FirmwareType_meaning,FirmwareType,,LOOKUP-crowdstrike_ta_FirmwareType via crowdstrike_ta_lookup_FirmwareType (FirmwareType_meaning)
crowdstrike:events:sensor,LOOKUP,FontLoadOperation_meaning,FontLoadOperation,,LOOKUP-crowdstrike_ta_FontLoadOperation via crowdstrike_ta_lookup_FontLoadOperation (FontLoadOperation_meaning)
crowdstrike:events:sensor,LOOKUP,FsOperationClassificationFlags_meaning,FsOperationClassificationFlags,,LOOKUP-crowdstrike_ta_FsOperationClassificationFlags via crowdstrike_ta_bitmask_lookup_FsOperationClassificationFlags (result)
crowdstrike:events:sensor,LOOKUP,FsOperationClassification_meaning,FsOperationClassification,,LOOKUP-crowdstrike_ta_FsOperationClassification via crowdstrike_ta_lookup_FsOperationClassification (FsOperationClassification_meaning)
crowdstrike:events:sensor,LOOKUP,HIDDescriptorCountryCode_meaning,HIDDescriptorCountryCode,,LOOKUP-crowdstrike_ta_HIDDescriptorCountryCode via crowdstrike_ta_lookup_HIDDescriptorCountryCode (HIDDescriptorCountryCode_meaning)
crowdstrike:events:sensor,LOOKUP,HarmfulAppCategory_meaning,HarmfulAppCategory,,LOOKUP-crowdstrike_ta_HarmfulAppCategory via crowdstrike_ta_lookup_HarmfulAppCategory (HarmfulAppCategory_meaning)
crowdstrike:events:sensor,LOOKUP,HookId_meaning,HookId,,LOOKUP-crowdstrike_ta_HookId via crowdstrike_ta_lookup_HookId (HookId_meaning)
crowdstrike:events:sensor,LOOKUP,HookedObjectType_meaning,HookedObjectType,,LOOKUP-crowdstrike_ta_HookedObjectType via crowdstrike_ta_lookup_HookedObjectType (HookedObjectType_meaning)
crowdstrike:events:sensor,LOOKUP,HookedPointerType_meaning,HookedPointerType,,LOOKUP-crowdstrike_ta_HookedPointerType via crowdstrike_ta_lookup_HookedPointerType (HookedPointerType_meaning)
crowdstrike:events:sensor,LOOKUP,HostProcessType_meaning,HostProcessType,,LOOKUP-crowdstrike_ta_HostProcessType via crowdstrike_ta_lookup_HostProcessType (HostProcessType_meaning)
crowdstrike:events:sensor,LOOKUP,HttpInternalSource_meaning,HttpInternalSource,,LOOKUP-crowdstrike_ta_HttpInternalSource via crowdstrike_ta_lookup_HttpInternalSource (HttpInternalSource_meaning)
crowdstrike:events:sensor,LOOKUP,HttpMethod_meaning,HttpMethod,,LOOKUP-crowdstrike_ta_HttpMethod via crowdstrike_ta_lookup_HttpMethod (HttpMethod_meaning)
crowdstrike:events:sensor,LOOKUP,HttpVisibilityState_meaning,HttpVisibilityState,,LOOKUP-crowdstrike_ta_HttpVisibilityState via crowdstrike_ta_lookup_HttpVisibilityState (HttpVisibilityState_meaning)
crowdstrike:events:sensor,LOOKUP,HttpVisibilityStatusReason_meaning,HttpVisibilityStatusReason,,LOOKUP-crowdstrike_ta_HttpVisibilityStatusReason via crowdstrike_ta_lookup_HttpVisibilityStatusReason (HttpVisibilityStatusReason_meaning)
crowdstrike:events:sensor,LOOKUP,ImageSubsystem_meaning,ImageSubsystem,,LOOKUP-crowdstrike_ta_ImageSubsystem via crowdstrike_ta_lookup_ImageSubsystem (ImageSubsystem_meaning)
crowdstrike:events:sensor,LOOKUP,ImpersonationLevel_meaning,ImpersonationLevel,,LOOKUP-crowdstrike_ta_ImpersonationLevel via crowdstrike_ta_lookup_ImpersonationLevel (ImpersonationLevel_meaning)
crowdstrike:events:sensor,LOOKUP,InjectedThreadFlag_meaning,InjectedThreadFlag,,LOOKUP-crowdstrike_ta_InjectedThreadFlag via crowdstrike_ta_lookup_InjectedThreadFlag (InjectedThreadFlag_meaning)
crowdstrike:events:sensor,LOOKUP,InstanceMetadataProvider_meaning,InstanceMetadataProvider,,LOOKUP-crowdstrike_ta_InstanceMetadataProvider via crowdstrike_ta_lookup_InstanceMetadataProvider (InstanceMetadataProvider_meaning)
crowdstrike:events:sensor,LOOKUP,IntegrityLevel_meaning,IntegrityLevel,,LOOKUP-crowdstrike_ta_IntegrityLevel via crowdstrike_ta_lookup_IntegrityLevel (IntegrityLevel_meaning)
crowdstrike:events:sensor,LOOKUP,InterfaceGuid_meaning,InterfaceGuid,,LOOKUP-crowdstrike_ta_InterfaceGuid via crowdstrike_ta_lookup_InterfaceGuid (InterfaceGuid_meaning)
crowdstrike:events:sensor,LOOKUP,IoControlCode_meaning,IoControlCode,,LOOKUP-crowdstrike_ta_IoControlCode via crowdstrike_ta_lookup_IoControlCode (IoControlCode_meaning)
crowdstrike:events:sensor,LOOKUP,KerberosAnomaly_meaning,KerberosAnomaly,,LOOKUP-crowdstrike_ta_KerberosAnomaly via crowdstrike_ta_bitmask_lookup_KerberosAnomaly (result)
crowdstrike:events:sensor,LOOKUP,LdapSearchQueryClassification_meaning,LdapSearchQueryClassification,,LOOKUP-crowdstrike_ta_LdapSearchQueryClassification via crowdstrike_ta_bitmask_lookup_LdapSearchQueryClassification (result)
crowdstrike:events:sensor,LOOKUP,LfoUploadCloudStatus_meaning,LfoUploadCloudStatus,,LOOKUP-crowdstrike_ta_LfoUploadCloudStatus via crowdstrike_ta_lookup_LfoUploadCloudStatus (LfoUploadCloudStatus_meaning)
crowdstrike:events:sensor,LOOKUP,LfoUploadExtendedStatus_meaning,LfoUploadExtendedStatus,,LOOKUP-crowdstrike_ta_LfoUploadExtendedStatus via crowdstrike_ta_lookup_LfoUploadExtendedStatus (LfoUploadExtendedStatus_meaning)
crowdstrike:events:sensor,LOOKUP,LfoUploadFlags_meaning,LfoUploadFlags,,LOOKUP-crowdstrike_ta_LfoUploadFlags via crowdstrike_ta_bitmask_lookup_LfoUploadFlags (result)
crowdstrike:events:sensor,LOOKUP,LightningLatencyState_meaning,LightningLatencyState,,LOOKUP-crowdstrike_ta_LightningLatencyState via crowdstrike_ta_lookup_LightningLatencyState (LightningLatencyState_meaning)
crowdstrike:events:sensor,LOOKUP,LinkedAuthenticationId_meaning,LinkedAuthenticationId,,LOOKUP-crowdstrike_ta_LinkedAuthenticationId via crowdstrike_ta_lookup_LinkedAuthenticationId (LinkedAuthenticationId_meaning)
crowdstrike:events:sensor,LOOKUP,LocationStatus_meaning,LocationStatus,,LOOKUP-crowdstrike_ta_LocationStatus via crowdstrike_ta_lookup_LocationStatus (LocationStatus_meaning)
crowdstrike:events:sensor,LOOKUP,LogonType_meaning,LogonType,,LOOKUP-crowdstrike_ta_LogonType via crowdstrike_ta_lookup_LogonType (LogonType_meaning)
crowdstrike:events:sensor,LOOKUP,MachOSubType_meaning,MachOSubType,,LOOKUP-crowdstrike_ta_MachOSubType via crowdstrike_ta_lookup_MachOSubType (MachOSubType_meaning)
crowdstrike:events:sensor,LOOKUP,Malicious_meaning,Malicious,,LOOKUP-crowdstrike_ta_Malicious via crowdstrike_ta_lookup_Malicious (Malicious_meaning)
crowdstrike:events:sensor,LOOKUP,MeasurementType_meaning,MeasurementType,,LOOKUP-crowdstrike_ta_MeasurementType via crowdstrike_ta_lookup_MeasurementType (MeasurementType_meaning)
crowdstrike:events:sensor,LOOKUP,MemoryDescriptionFlags_meaning,MemoryDescriptionFlags,,LOOKUP-crowdstrike_ta_MemoryDescriptionFlags via crowdstrike_ta_lookup_MemoryDescriptionFlags (MemoryDescriptionFlags_meaning)
crowdstrike:events:sensor,LOOKUP,MemoryRegionProtection_meaning,MemoryRegionProtection,,LOOKUP-crowdstrike_ta_MemoryRegionProtection via crowdstrike_ta_lookup_MemoryRegionProtection (MemoryRegionProtection_meaning)
crowdstrike:events:sensor,LOOKUP,ModifiedRegisters_meaning,ModifiedRegisters,,LOOKUP-crowdstrike_ta_ModifiedRegisters via crowdstrike_ta_bitmask_lookup_ModifiedRegisters (result)
crowdstrike:events:sensor,LOOKUP,ModuleCharacteristics_meaning,ModuleCharacteristics,,LOOKUP-crowdstrike_ta_ModuleCharacteristics via crowdstrike_ta_bitmask_lookup_ModuleCharacteristics (result)
crowdstrike:events:sensor,LOOKUP,ModuleInitFlags_meaning,ModuleInitFlags,,LOOKUP-crowdstrike_ta_ModuleInitFlags via crowdstrike_ta_bitmask_lookup_ModuleInitFlags (result)
crowdstrike:events:sensor,LOOKUP,ModuleLoadMechanism_meaning,ModuleLoadMechanism,,LOOKUP-crowdstrike_ta_ModuleLoadMechanism via crowdstrike_ta_lookup_ModuleLoadMechanism (ModuleLoadMechanism_meaning)
crowdstrike:events:sensor,LOOKUP,NetworkContainmentState_meaning,NetworkContainmentState,,LOOKUP-crowdstrike_ta_NetworkContainmentState via crowdstrike_ta_lookup_NetworkContainmentState (NetworkContainmentState_meaning)
crowdstrike:events:sensor,LOOKUP,NetworkExtensionType_meaning,NetworkExtensionType,,LOOKUP-crowdstrike_ta_NetworkExtensionType via crowdstrike_ta_lookup_NetworkExtensionType (NetworkExtensionType_meaning)
crowdstrike:events:sensor,LOOKUP,NetworkProfile_meaning,NetworkProfile,,LOOKUP-crowdstrike_ta_NetworkProfile via crowdstrike_ta_lookup_NetworkProfile (NetworkProfile_meaning)
crowdstrike:events:sensor,LOOKUP,NtlmAvFlags_meaning,NtlmAvFlags,,LOOKUP-crowdstrike_ta_NtlmAvFlags via crowdstrike_ta_bitmask_lookup_NtlmAvFlags (result)
crowdstrike:events:sensor,LOOKUP,OciContainerEngineType_meaning,OciContainerEngineType,,LOOKUP-crowdstrike_ta_OciContainerEngineType via crowdstrike_ta_lookup_OciContainerEngineType (OciContainerEngineType_meaning)
crowdstrike:events:sensor,LOOKUP,ParentAuthenticationId_meaning,ParentAuthenticationId,,LOOKUP-crowdstrike_ta_ParentAuthenticationId via crowdstrike_ta_lookup_ParentAuthenticationId (ParentAuthenticationId_meaning)
crowdstrike:events:sensor,LOOKUP,PatternHandlingErrorType_meaning,PatternHandlingErrorType,,LOOKUP-crowdstrike_ta_PatternHandlingErrorType via crowdstrike_ta_lookup_PatternHandlingErrorType (PatternHandlingErrorType_meaning)
crowdstrike:events:sensor,LOOKUP,PayloadClassificationFlags_meaning,PayloadClassificationFlags,,LOOKUP-crowdstrike_ta_PayloadClassificationFlags via crowdstrike_ta_lookup_PayloadClassificationFlags (PayloadClassificationFlags_meaning)
crowdstrike:events:sensor,LOOKUP,PayloadClassification_meaning,PayloadClassification,,LOOKUP-crowdstrike_ta_PayloadClassification via crowdstrike_ta_lookup_PayloadClassification (PayloadClassification_meaning)
crowdstrike:events:sensor,LOOKUP,PciAttachmentState_meaning,PciAttachmentState,,LOOKUP-crowdstrike_ta_PciAttachmentState via crowdstrike_ta_lookup_PciAttachmentState (PciAttachmentState_meaning)
crowdstrike:events:sensor,LOOKUP,PlatformSecuritySettings_meaning,PlatformSecuritySettings,,LOOKUP-crowdstrike_ta_PlatformSecuritySettings via crowdstrike_ta_bitmask_lookup_PlatformSecuritySettings (result)
crowdstrike:events:sensor,LOOKUP,PosixFileType_meaning,PosixFileType,,LOOKUP-crowdstrike_ta_PosixFileType via crowdstrike_ta_lookup_PosixFileType (PosixFileType_meaning)
crowdstrike:events:sensor,LOOKUP,PowerPluggedType_meaning,PowerPluggedType,,LOOKUP-crowdstrike_ta_PowerPluggedType via crowdstrike_ta_lookup_PowerPluggedType (PowerPluggedType_meaning)
crowdstrike:events:sensor,LOOKUP,PreviousMemoryRegionProtection_meaning,PreviousMemoryRegionProtection,,LOOKUP-crowdstrike_ta_PreviousMemoryRegionProtection via crowdstrike_ta_lookup_PreviousMemoryRegionProtection (PreviousMemoryRegionProtection_meaning)
crowdstrike:events:sensor,LOOKUP,PrivilegesBitmask_meaning,PrivilegesBitmask,,LOOKUP-crowdstrike_ta_PrivilegesBitmask via crowdstrike_ta_bitmask_lookup_PrivilegesBitmask (result)
crowdstrike:events:sensor,LOOKUP,ProcessBehaviorBitfield_meaning,ProcessBehaviorBitfield,,LOOKUP-crowdstrike_ta_ProcessBehaviorBitfield via crowdstrike_ta_bitmask_lookup_ProcessBehaviorBitfield (result)
crowdstrike:events:sensor,LOOKUP,ProcessCreateFlags_meaning,ProcessCreateFlags,,LOOKUP-crowdstrike_ta_ProcessCreateFlags via crowdstrike_ta_lookup_ProcessCreateFlags (ProcessCreateFlags_meaning)
crowdstrike:events:sensor,LOOKUP,ProcessParameterFlags_meaning,ProcessParameterFlags,,LOOKUP-crowdstrike_ta_ProcessParameterFlags via crowdstrike_ta_bitmask_lookup_ProcessParameterFlags (result)
crowdstrike:events:sensor,LOOKUP,ProcessSxsFlags_meaning,ProcessSxsFlags,,LOOKUP-crowdstrike_ta_ProcessSxsFlags via crowdstrike_ta_bitmask_lookup_ProcessSxsFlags (result)
crowdstrike:events:sensor,LOOKUP,Protocol_meaning,Protocol,,LOOKUP-crowdstrike_ta_Protocol via crowdstrike_ta_lookup_Protocol (Protocol_meaning)
crowdstrike:events:sensor,LOOKUP,ProvisionState_meaning,ProvisionState,,LOOKUP-crowdstrike_ta_ProvisionState via crowdstrike_ta_lookup_ProvisionState (ProvisionState_meaning)
crowdstrike:events:sensor,LOOKUP,PtAnalysisTrigger_meaning,PtAnalysisTrigger,,LOOKUP-crowdstrike_ta_PtAnalysisTrigger via crowdstrike_ta_lookup_PtAnalysisTrigger (PtAnalysisTrigger_meaning)
crowdstrike:events:sensor,LOOKUP,PtCompatibilityFlags_meaning,PtCompatibilityFlags,,LOOKUP-crowdstrike_ta_PtCompatibilityFlags via crowdstrike_ta_lookup_PtCompatibilityFlags (PtCompatibilityFlags_meaning)
crowdstrike:events:sensor,LOOKUP,PupAdwareConfidence_meaning,PupAdwareConfidence,,LOOKUP-crowdstrike_ta_PupAdwareConfidence via crowdstrike_ta_lookup_PupAdwareConfidence (PupAdwareConfidence_meaning)
crowdstrike:events:sensor,LOOKUP,QuarantinedFileState_meaning,QuarantinedFileState,,LOOKUP-crowdstrike_ta_QuarantinedFileState via crowdstrike_ta_lookup_QuarantinedFileState (QuarantinedFileState_meaning)
crowdstrike:events:sensor,LOOKUP,QueryStatus_meaning,QueryStatus,,LOOKUP-crowdstrike_ta_QueryStatus via crowdstrike_ta_lookup_QueryStatus (QueryStatus_meaning)
crowdstrike:events:sensor,LOOKUP,RFMState_meaning,RFMState,,LOOKUP-crowdstrike_ta_RFMState via crowdstrike_ta_lookup_RFMState (RFMState_meaning)
crowdstrike:events:sensor,LOOKUP,ReasonOfFunctionalityLevel_meaning,ReasonOfFunctionalityLevel,,LOOKUP-crowdstrike_ta_ReasonOfFunctionalityLevel via crowdstrike_ta_lookup_ReasonOfFunctionalityLevel (ReasonOfFunctionalityLevel_meaning)
crowdstrike:events:sensor,LOOKUP,RegClassificationFlags_meaning,RegClassificationFlags,,LOOKUP-crowdstrike_ta_RegClassificationFlags via crowdstrike_ta_bitmask_lookup_RegClassificationFlags (result)
crowdstrike:events:sensor,LOOKUP,RegClassification_meaning,RegClassification,,LOOKUP-crowdstrike_ta_RegClassification via crowdstrike_ta_lookup_RegClassification (RegClassification_meaning)
crowdstrike:events:sensor,LOOKUP,RegConfigClass_meaning,RegConfigClass,,LOOKUP-crowdstrike_ta_RegConfigClass via crowdstrike_ta_lookup_RegConfigClass (RegConfigClass_meaning)
crowdstrike:events:sensor,LOOKUP,RegConfigFlags_meaning,RegConfigFlags,,LOOKUP-crowdstrike_ta_RegConfigFlags via crowdstrike_ta_bitmask_lookup_RegConfigFlags (result)
crowdstrike:events:sensor,LOOKUP,RegConfigValueType_meaning,RegConfigValueType,,LOOKUP-crowdstrike_ta_RegConfigValueType via crowdstrike_ta_lookup_RegConfigValueType (RegConfigValueType_meaning)
crowdstrike:events:sensor,LOOKUP,RegCreateDisposition_meaning,RegCreateDisposition,,LOOKUP-crowdstrike_ta_RegCreateDisposition via crowdstrike_ta_lookup_RegCreateDisposition (RegCreateDisposition_meaning)
crowdstrike:events:sensor,LOOKUP,RegKeyChangeType_meaning,RegKeyChangeType,,LOOKUP-crowdstrike_ta_RegKeyChangeType via crowdstrike_ta_bitmask_lookup_RegKeyChangeType (result)
crowdstrike:events:sensor,LOOKUP,RegOperationType_meaning,RegOperationType,,LOOKUP-crowdstrike_ta_RegOperationType via crowdstrike_ta_lookup_RegOperationType (RegOperationType_meaning)
crowdstrike:events:sensor,LOOKUP,RegTamperType_meaning,RegTamperType,,LOOKUP-crowdstrike_ta_RegTamperType via crowdstrike_ta_lookup_RegTamperType (RegTamperType_meaning)
crowdstrike:events:sensor,LOOKUP,RegType_meaning,RegType,,LOOKUP-crowdstrike_ta_RegType via crowdstrike_ta_lookup_RegType (RegType_meaning)
crowdstrike:events:sensor,LOOKUP,RequestType_meaning,RequestType,,LOOKUP-crowdstrike_ta_RequestType via crowdstrike_ta_lookup_RequestType (RequestType_meaning)
crowdstrike:events:sensor,LOOKUP,RuleAction_meaning,RuleAction,,LOOKUP-crowdstrike_ta_RuleAction via crowdstrike_ta_lookup_RuleAction (RuleAction_meaning)
crowdstrike:events:sensor,LOOKUP,SEHValidationFailureFlags_meaning,SEHValidationFailureFlags,,LOOKUP-crowdstrike_ta_SEHValidationFailureFlags via crowdstrike_ta_lookup_SEHValidationFailureFlags (SEHValidationFailureFlags_meaning)
crowdstrike:events:sensor,LOOKUP,SELinuxEnforcementPolicy_meaning,SELinuxEnforcementPolicy,,LOOKUP-crowdstrike_ta_SELinuxEnforcementPolicy via crowdstrike_ta_lookup_SELinuxEnforcementPolicy (SELinuxEnforcementPolicy_meaning)
crowdstrike:events:sensor,LOOKUP,SHA256HashData_meaning,SHA256HashData,,LOOKUP-crowdstrike_ta_SHA256HashData via crowdstrike_ta_lookup_SHA256HashData (SHA256HashData_meaning)
crowdstrike:events:sensor,LOOKUP,SafetyNetFailureType_meaning,SafetyNetFailureType,,LOOKUP-crowdstrike_ta_SafetyNetFailureType via crowdstrike_ta_lookup_SafetyNetFailureType (SafetyNetFailureType_meaning)
crowdstrike:events:sensor,LOOKUP,ScreenshotType_meaning,ScreenshotType,,LOOKUP-crowdstrike_ta_ScreenshotType via crowdstrike_ta_lookup_ScreenshotType (ScreenshotType_meaning)
crowdstrike:events:sensor,LOOKUP,ScriptContentSource_meaning,ScriptContentSource,,LOOKUP-crowdstrike_ta_ScriptContentSource via crowdstrike_ta_lookup_ScriptContentSource (ScriptContentSource_meaning)
crowdstrike:events:sensor,LOOKUP,ScriptControlErrorCode_meaning,ScriptControlErrorCode,,LOOKUP-crowdstrike_ta_ScriptControlErrorCode via crowdstrike_ta_lookup_ScriptControlErrorCode (ScriptControlErrorCode_meaning)
crowdstrike:events:sensor,LOOKUP,ScriptingLanguageId_meaning,ScriptingLanguageId,,LOOKUP-crowdstrike_ta_ScriptingLanguageId via crowdstrike_ta_lookup_ScriptingLanguageId (ScriptingLanguageId_meaning)
crowdstrike:events:sensor,LOOKUP,ServiceErrorControl_meaning,ServiceErrorControl,,LOOKUP-crowdstrike_ta_ServiceErrorControl via crowdstrike_ta_lookup_ServiceErrorControl (ServiceErrorControl_meaning)
crowdstrike:events:sensor,LOOKUP,ServiceServiceSidType_meaning,ServiceServiceSidType,,LOOKUP-crowdstrike_ta_ServiceServiceSidType via crowdstrike_ta_lookup_ServiceServiceSidType (ServiceServiceSidType_meaning)
crowdstrike:events:sensor,LOOKUP,ServiceStart_meaning,ServiceStart,,LOOKUP-crowdstrike_ta_ServiceStart via crowdstrike_ta_lookup_ServiceStart (ServiceStart_meaning)
crowdstrike:events:sensor,LOOKUP,ServiceType_meaning,ServiceType,,LOOKUP-crowdstrike_ta_ServiceType via crowdstrike_ta_lookup_ServiceType (ServiceType_meaning)
crowdstrike:events:sensor,LOOKUP,ShowWindowFlags_meaning,ShowWindowFlags,,LOOKUP-crowdstrike_ta_ShowWindowFlags via crowdstrike_ta_lookup_ShowWindowFlags (ShowWindowFlags_meaning)
crowdstrike:events:sensor,LOOKUP,SignInfoFlags_meaning,SignInfoFlags,,LOOKUP-crowdstrike_ta_SignInfoFlags via crowdstrike_ta_bitmask_lookup_SignInfoFlags (result)
crowdstrike:events:sensor,LOOKUP,SignatureErrorState_meaning,SignatureErrorState,,LOOKUP-crowdstrike_ta_SignatureErrorState via crowdstrike_ta_lookup_SignatureErrorState (SignatureErrorState_meaning)
crowdstrike:events:sensor,LOOKUP,StackHashVersion_meaning,StackHashVersion,,LOOKUP-crowdstrike_ta_StackHashVersion via crowdstrike_ta_lookup_StackHashVersion (StackHashVersion_meaning)
crowdstrike:events:sensor,LOOKUP,StandbyBucket_meaning,StandbyBucket,,LOOKUP-crowdstrike_ta_StandbyBucket via crowdstrike_ta_lookup_StandbyBucket (StandbyBucket_meaning)
crowdstrike:events:sensor,LOOKUP,Status_meaning,Status,,LOOKUP-crowdstrike_ta_Status via crowdstrike_ta_lookup_Status (Status_meaning)
crowdstrike:events:sensor,LOOKUP,SupportedArchitectures_meaning,SupportedArchitectures,,LOOKUP-crowdstrike_ta_SupportedArchitectures via crowdstrike_ta_bitmask_lookup_SupportedArchitectures (result)
crowdstrike:events:sensor,LOOKUP,SuppressType_meaning,SuppressType,,LOOKUP-crowdstrike_ta_SuppressType via crowdstrike_ta_lookup_SuppressType (SuppressType_meaning)
crowdstrike:events:sensor,LOOKUP,SuspectStackFlag_meaning,SuspectStackFlag,,LOOKUP-crowdstrike_ta_SuspectStackFlag via crowdstrike_ta_lookup_SuspectStackFlag (SuspectStackFlag_meaning)
crowdstrike:events:sensor,LOOKUP,SyntheticPR2Flags_meaning,SyntheticPR2Flags,,LOOKUP-crowdstrike_ta_SyntheticPR2Flags via crowdstrike_ta_lookup_SyntheticPR2Flags (SyntheticPR2Flags_meaning)
crowdstrike:events:sensor,LOOKUP,SystemTableIndex_meaning,SystemTableIndex,,LOOKUP-crowdstrike_ta_SystemTableIndex via crowdstrike_ta_lookup_SystemTableIndex (SystemTableIndex_meaning)
crowdstrike:events:sensor,LOOKUP,TargetAndroidComponentType_meaning,TargetAndroidComponentType,,LOOKUP-crowdstrike_ta_TargetAndroidComponentType via crowdstrike_ta_lookup_TargetAndroidComponentType (TargetAndroidComponentType_meaning)
crowdstrike:events:sensor,LOOKUP,TemplateDisposition_meaning,TemplateDisposition,,LOOKUP-crowdstrike_ta_TemplateDisposition via crowdstrike_ta_lookup_TemplateDisposition (TemplateDisposition_meaning)
crowdstrike:events:sensor,LOOKUP,ThreadExecutionControlType_meaning,ThreadExecutionControlType,,LOOKUP-crowdstrike_ta_ThreadExecutionControlType via crowdstrike_ta_lookup_ThreadExecutionControlType (ThreadExecutionControlType_meaning)
crowdstrike:events:sensor,LOOKUP,TokenObjectCheckType_meaning,TokenObjectCheckType,,LOOKUP-crowdstrike_ta_TokenObjectCheckType via crowdstrike_ta_lookup_TokenObjectCheckType (TokenObjectCheckType_meaning)
crowdstrike:events:sensor,LOOKUP,TokenType_meaning,TokenType,,LOOKUP-crowdstrike_ta_TokenType via crowdstrike_ta_lookup_TokenType (TokenType_meaning)
crowdstrike:events:sensor,LOOKUP,UACCredentialCaptureActionType_meaning,UACCredentialCaptureActionType,,LOOKUP-crowdstrike_ta_UACCredentialCaptureActionType via crowdstrike_ta_lookup_UACCredentialCaptureActionType (UACCredentialCaptureActionType_meaning)
crowdstrike:events:sensor,LOOKUP,UACElevationReason_meaning,UACElevationReason,,LOOKUP-crowdstrike_ta_UACElevationReason via crowdstrike_ta_lookup_UACElevationReason (UACElevationReason_meaning)
crowdstrike:events:sensor,LOOKUP,UACFlags_meaning,UACFlags,,LOOKUP-crowdstrike_ta_UACFlags via crowdstrike_ta_bitmask_lookup_UACFlags (result)
crowdstrike:events:sensor,LOOKUP,UACMSIAction_meaning,UACMSIAction,,LOOKUP-crowdstrike_ta_UACMSIAction via crowdstrike_ta_lookup_UACMSIAction (UACMSIAction_meaning)
crowdstrike:events:sensor,LOOKUP,UACPromptType_meaning,UACPromptType,,LOOKUP-crowdstrike_ta_UACPromptType via crowdstrike_ta_lookup_UACPromptType (UACPromptType_meaning)
crowdstrike:events:sensor,LOOKUP,UmppaInjectionType_meaning,UmppaInjectionType,,LOOKUP-crowdstrike_ta_UmppaInjectionType via crowdstrike_ta_lookup_UmppaInjectionType (UmppaInjectionType_meaning)
crowdstrike:events:sensor,LOOKUP,UmppcEntryReason_meaning,UmppcEntryReason,,LOOKUP-crowdstrike_ta_UmppcEntryReason via crowdstrike_ta_lookup_UmppcEntryReason (UmppcEntryReason_meaning)
crowdstrike:events:sensor,LOOKUP,UpdateFlag_meaning,UpdateFlag,,LOOKUP-crowdstrike_ta_UpdateFlag via crowdstrike_ta_lookup_UpdateFlag (UpdateFlag_meaning)
crowdstrike:events:sensor,LOOKUP,UserFlags_meaning,UserFlags,,LOOKUP-crowdstrike_ta_UserFlags via crowdstrike_ta_bitmask_lookup_UserFlags (result)
crowdstrike:events:sensor,LOOKUP,UserGroupsBitmask_meaning,UserGroupsBitmask,,LOOKUP-crowdstrike_ta_UserGroupsBitmask via crowdstrike_ta_bitmask_lookup_UserGroupsBitmask (result)
crowdstrike:events:sensor,LOOKUP,UserLogoffType_meaning,UserLogoffType,,LOOKUP-crowdstrike_ta_UserLogoffType via crowdstrike_ta_lookup_UserLogoffType (UserLogoffType_meaning)
crowdstrike:events:sensor,LOOKUP,UserLogonFlags_meaning,UserLogonFlags,,LOOKUP-crowdstrike_ta_UserLogonFlags via crowdstrike_ta_bitmask_lookup_UserLogonFlags (result)
crowdstrike:events:sensor,LOOKUP,UserModeHookSource_meaning,UserModeHookSource,,LOOKUP-crowdstrike_ta_UserModeHookSource via crowdstrike_ta_lookup_UserModeHookSource (UserModeHookSource_meaning)
crowdstrike:events:sensor,LOOKUP,UserSid_meaning,UserSid,,LOOKUP-crowdstrike_ta_UserSid via crowdstrike_ta_lookup_UserSid (UserSid_meaning)
crowdstrike:events:sensor,LOOKUP,VnodeModificationType_meaning,VnodeModificationType,,LOOKUP-crowdstrike_ta_VnodeModificationType via crowdstrike_ta_lookup_VnodeModificationType (VnodeModificationType_meaning)
crowdstrike:events:sensor,LOOKUP,VnodeType_meaning,VnodeType,,LOOKUP-crowdstrike_ta_VnodeType via crowdstrike_ta_lookup_VnodeType (VnodeType_meaning)
crowdstrike:events:sensor,LOOKUP,VolumeDeviceCharacteristics_meaning,VolumeDeviceCharacteristics,,LOOKUP-crowdstrike_ta_VolumeDeviceCharacteristics via crowdstrike_ta_bitmask_lookup_VolumeDeviceCharacteristics (result)
crowdstrike:events:sensor,LOOKUP,VolumeFileSystemType_meaning,VolumeFileSystemType,,LOOKUP-crowdstrike_ta_VolumeFileSystemType via crowdstrike_ta_lookup_VolumeFileSystemType (VolumeFileSystemType_meaning)
crowdstrike:events:sensor,LOOKUP,VolumeTeardownFlags_meaning,VolumeTeardownFlags,,LOOKUP-crowdstrike_ta_VolumeTeardownFlags via crowdstrike_ta_bitmask_lookup_VolumeTeardownFlags (result)
crowdstrike:events:sensor,LOOKUP,WellKnownTargetFunction_meaning,WellKnownTargetFunction,,LOOKUP-crowdstrike_ta_WellKnownTargetFunction via crowdstrike_ta_lookup_WellKnownTargetFunction (WellKnownTargetFunction_meaning)
crowdstrike:events:sensor,LOOKUP,WhitelistingSource_meaning,WhitelistingSource,,LOOKUP-crowdstrike_ta_WhitelistingSource via crowdstrike_ta_lookup_WhitelistingSource (WhitelistingSource_meaning)
crowdstrike:events:sensor,LOOKUP,WindowFlags_meaning,WindowFlags,,LOOKUP-crowdstrike_ta_WindowFlags via crowdstrike_ta_bitmask_lookup_WindowFlags (result)
crowdstrike:events:sensor,EVAL,action,,AsepKeyUpdate;AsepValueUpdate;CommandHistory;CriticalEnvironmentVariableChanged;CriticalFileAccessed;DirectoryCreate;DmpFileWritten;DriverLoad;ELFFileWritten;EndOfProcess;ExecutableDeleted;FileCreateInfo;FileOpenInfo;FileRenameInfo;FsVolumeMounted;ImageHash;InjectedThread;InstalledApplication;KernelModeLoadImage;LFODownloadConfirmation;NewExecutableRenamed;NewExecutableWritten;NewScriptWritten;PackedExecutableWritten;PeFileWritten;PeVersionInfo;PrivilegedProcessHandleFromUnsignedModule;ProcessBlocked;ProcessRollup2;ProcessRollup2Stats;QuarantinedFile;QuarantinedFileState;RarFileWritten;RemovableMediaVolumeMounted;ScreenshotTakenEtw;SensitiveWmiQuery;SyntheticProcessRollup2;UserLogoff;UserLogon;UserLogonFailed;UserLogonFailed2;WmiCreateProcess,"case( event_simpleName IN (""FileRenameInfo"", ""NewExecutableRenamed"", ""CriticalEnvironmentVariableChanged""), ""modified"",  event_simpleName=""UserLogoff"", ""logoff"",  event_simpleName=""UserLogon"", ""success"",  event_simpleName IN (""UserLogonFailed"", ""User"
crowdstrike:events:sensor,EVAL,additional_answer_count,,DnsRequest,"case(event_simpleName=""DnsRequest"", ""0"")"
crowdstrike:events:sensor,LOOKUP,aid_city,host_res_aid,,LOOKUP-crowdstrike_ta_host_resolution_for_security_events via crowdstrike_ta_combined_host_resolution_lookup (City)
crowdstrike:events:sensor,LOOKUP,aid_computer_name,host_res_aid,,LOOKUP-crowdstrike_ta_host_resolution_for_security_events via crowdstrike_ta_combined_host_resolution_lookup (ComputerName)
crowdstrike:events:sensor,LOOKUP,aid_continent,host_res_aid,,LOOKUP-crowdstrike_ta_host_resolution_for_security_events via crowdstrike_ta_combined_host_resolution_lookup (Continent)
crowdstrike:events:sensor,LOOKUP,aid_country,host_res_aid,,LOOKUP-crowdstrike_ta_host_resolution_for_security_events via crowdstrike_ta_combined_host_resolution_lookup (Country)
crowdstrike:events:sensor,LOOKUP,aid_gateway_IP,host_res_aid,,LOOKUP-crowdstrike_ta_host_resolution_for_security_events via crowdstrike_ta_combined_host_resolution_lookup (GatewayIP)
crowdstrike:events:sensor,LOOKUP,aid_gateway_mac,host_res_aid,,LOOKUP-crowdstrike_ta_host_resolution_for_security_events via crowdstrike_ta_combined_host_resolution_lookup (GatewayMAC)
crowdstrike:events:sensor,LOOKUP,aid_local_address_ip4,host_res_aid,,LOOKUP-crowdstrike_ta_host_resolution_for_security_events via crowdstrike_ta_combined_host_resolution_lookup (LocalAddressIP4)
crowdstrike:events:sensor,LOOKUP,aid_mac,host_res_aid,,LOOKUP-crowdstrike_ta_host_resolution_for_security_events via crowdstrike_ta_combined_host_resolution_lookup (MAC)
crowdstrike:events:sensor,LOOKUP,aid_machine_domain,host_res_aid,,LOOKUP-crowdstrike_ta_host_resolution_for_security_events via crowdstrike_ta_combined_host_resolution_lookup (MachineDomain)
crowdstrike:events:sensor,LOOKUP,aid_os_version,host_res_aid,,LOOKUP-crowdstrike_ta_host_resolution_for_security_events via crowdstrike_ta_combined_host_resolution_lookup (Version)
crowdstrike:events:sensor,LOOKUP,aid_ou,host_res_aid,,LOOKUP-crowdstrike_ta_host_resolution_for_security_events via crowdstrike_ta_combined_host_resolution_lookup (OU)
crowdstrike:events:sensor,LOOKUP,aid_site_name,host_res_aid,,LOOKUP-crowdstrike_ta_host_resolution_for_security_events via crowdstrike_ta_combined_host_resolution_lookup (SiteName)
crowdstrike:events:sensor,LOOKUP,aid_system_product_name,host_res_aid,,LOOKUP-crowdstrike_ta_host_resolution_for_security_events via crowdstrike_ta_combined_host_resolution_lookup (SystemProductName)
crowdstrike:events:sensor,EVAL,answer,"AND,IP4Records,IP6Records",DnsRequest,"case(event_simpleName=""DnsRequest"", if(isnull(IP4Records) AND isnull(IP6Records) ,null(), mvindex(split(coalesce(IP4Records, """")+coalesce(IP6Records, """"), "";""), 0, -2)))"
crowdstrike:events:sensor,EVAL,answer_count,"AND,IP4Records,IP6Records",DnsRequest,"case(event_simpleName=""DnsRequest"", if(isnull(IP4Records) AND isnull(IP6Records), 0, mvcount(split(coalesce(IP4Records, """")+coalesce(IP6Records, """"), "";""))-1))"
crowdstrike:events:sensor,EVAL,app,"CrowdStrike,FDR,UserLogonFlags",AssociateIndicator;ScriptControlDetectInfo;ScriptControlScanInfo;UserLogon;UserLogonFailed;UserLogonFailed2,"case(event_simpleName IN (""UserLogon"",""UserLogonFailed"",""UserLogonFailed2""), lower(event_platform)+if(UserLogonFlags IN (""4"", ""8"", ""12""), "":local"", """"), event_simpleName IN (""AssociateIndicator"", ""ScriptControlScanInfo"", ""ScriptControlDetectInfo""), """
crowdstrike:events:sensor,LOOKUP,appinfo_company_name,SHA256HashData,,LOOKUP-crowdstrike_ta_appinfo_resolution_for_security_events via crowdstrike_ta_build_appinfo_resolution_lookup (CompanyName)
crowdstrike:events:sensor,LOOKUP,appinfo_detection_count,SHA256HashData,,LOOKUP-crowdstrike_ta_appinfo_resolution_for_security_events via crowdstrike_ta_build_appinfo_resolution_lookup (detectionCount)
crowdstrike:events:sensor,LOOKUP,appinfo_file_description,SHA256HashData,,LOOKUP-crowdstrike_ta_appinfo_resolution_for_security_events via crowdstrike_ta_build_appinfo_resolution_lookup (FileDescription)
crowdstrike:events:sensor,LOOKUP,appinfo_file_name,SHA256HashData,,LOOKUP-crowdstrike_ta_appinfo_resolution_for_security_events via crowdstrike_ta_build_appinfo_resolution_lookup (FileName)
crowdstrike:events:sensor,LOOKUP,appinfo_file_version,SHA256HashData,,LOOKUP-crowdstrike_ta_appinfo_resolution_for_security_events via crowdstrike_ta_build_appinfo_resolution_lookup (FileVersion)
crowdstrike:events:sensor,LOOKUP,appinfo_product_name,SHA256HashData,,LOOKUP-crowdstrike_ta_appinfo_resolution_for_security_events via crowdstrike_ta_build_appinfo_resolution_lookup (ProductName)
crowdstrike:events:sensor,LOOKUP,appinfo_product_version,SHA256HashData,,LOOKUP-crowdstrike_ta_appinfo_resolution_for_security_events via crowdstrike_ta_build_appinfo_resolution_lookup (ProductVersion)
crowdstrike:events:sensor,EVAL,authentication_method,LogonType,UserLogon;UserLogonFailed2,"case(event_simpleName IN (""UserLogon"", ""UserLogonFailed2""), LogonType)"
crowdstrike:events:sensor,EVAL,category,,QuarantinedFile;QuarantinedFileState,"case(event_simpleName IN (""QuarantinedFile"", ""QuarantinedFileState""), ""quarantine"")"
crowdstrike:events:sensor,EVAL,change_type,AND,CriticalEnvironmentVariableChanged;FileRenameInfo;InstalledApplication;NewExecutableRenamed;SensitiveWmiQuery;UserLogoff,"case(event_simpleName IN (""SensitiveWmiQuery"", ""NewExecutableRenamed"", ""FileRenameInfo"") AND event_platform=""Win"", ""Filesystem"", event_simpleName=""UserLogoff"", ""AAA"", event_simpleName IN (""InstalledApplication"", ""CriticalEnvironmentVariableChanged""),"
crowdstrike:events:sensor,EVAL,command,WmiQuery,SensitiveWmiQuery,"case(event_simpleName IN (""SensitiveWmiQuery""), WmiQuery)"
crowdstrike:events:sensor,EVAL,cpu_cores,PhysicalCoreCount,SystemCapacity,"case(event_simpleName=""SystemCapacity"", PhysicalCoreCount)"
crowdstrike:events:sensor,EVAL,cpu_count,PhysicalCoreCount,SystemCapacity,"case(event_simpleName=""SystemCapacity"", PhysicalCoreCount)"
crowdstrike:events:sensor,EVAL,cpu_mhz,CpuClockSpeed,SystemCapacity,"case(event_simpleName=""SystemCapacity"", CpuClockSpeed)"
crowdstrike:events:sensor,EVAL,creation_time,ContextTimeStamp,NetworkCloseIP4;NetworkCloseIP6;NetworkConnectIP4;NetworkConnectIP6;NetworkListenIP4;NetworkListenIP6;NetworkReceiveAcceptIP4;NetworkReceiveAcceptIP6,"case(event_simpleName IN (""NetworkConnectIP4"", ""NetworkListenIP4"", ""NetworkCloseIP4"", ""NetworkCloseIP6"", ""NetworkConnectIP6"", ""NetworkListenIP6"", ""NetworkReceiveAcceptIP4"", ""NetworkReceiveAcceptIP6""), ContextTimeStamp)"
crowdstrike:events:sensor,EVAL,date,ContextTimeStamp,QuarantinedFile;QuarantinedFileState,"case(event_simpleName=""QuarantinedFile"", timestamp, event_simpleName=""QuarantinedFileState"", ContextTimeStamp)"
crowdstrike:events:sensor,EVAL,description,"IPv4,IPv6,Periodic",AssociateIndicator;LocalIpAddressIP4;LocalIpAddressIP6;OsVersionInfo;ScheduledTaskRegistered;ScriptControlDetectInfo;ScriptControlScanInfo;UserIdentity,"case(event_simpleName=""UserIdentity"", ""user is logged on"", event_simpleName=""OsVersionInfo"", ""operating system"", event_simpleName=""LocalIpAddressIP4"", ""new IPv4 network address"", event_simpleName=""LocalIpAddressIP6"", ""new IPv6 network address"", event"
crowdstrike:events:sensor,LOOKUP,dest,dest_aid,,LOOKUP-crowdstrike_ta_cim_dest via crowdstrike_ta_host_resolution_lookup (ComputerName)
crowdstrike:events:sensor,EVAL,dest,"LocalAddressIP4,LocalAddressIP6,LogonServer,RemoteAddressIP4,RemoteAddressIP6,RespondingDnsServer",AsepKeyUpdate;AsepValueUpdate;AssociateIndicator;CommandHistory;CreateService;CriticalEnvironmentVariableChanged;CriticalFileAccessed;DirectoryCreate;DmpFileWritten;DnsRequest;DriverLoad;ELFFileWritten;EndOfProcess;ExecutableDeleted;FileCreateInfo;FileOpenInfo;FileRenameInfo;FsVolumeMounted;HostInfo;HostedServiceStarted;ImageHash;InjectedThread;InstalledApplication;InstanceMetadata;KernelModeLoadImage;LFODownloadConfirmation;LocalIpAddressIP4;LocalIpAddressIP6;ModifyServiceBinary;NetworkCloseIP4;NetworkCloseIP6;NetworkConnectIP4;NetworkConnectIP6;NetworkListenIP4;NetworkListenIP6;NetworkReceiveAcceptIP4;NetworkReceiveAcceptIP6;NewExecutableRenamed;NewExecutableWritten;NewScriptWritten;OsVersionInfo;PackedExecutableWritten;PeFileWritten;PeVersionInfo;PrivilegedProcessHandleFromUnsignedModule;ProcessBlocked;ProcessRollup2;ProcessRollup2Stats;QuarantinedFile;QuarantinedFileState;RarFileWritten;RemovableMediaVolumeMounted;ScheduledTaskRegistered;ScreenshotTakenEtw;ScriptControlDetectInfo;ScriptControlScanInfo;SensitiveWmiQuery;ServiceStarted;SyntheticProcessRollup2;SystemCapacity;UserIdentity;UserLogoff;UserLogon;UserLogonFailed;UserLogonFailed2;WmiCreateProcess,"case(event_simpleName IN (""ScreenshotTakenEtw"", ""WmiCreateProcess"", ""InjectedThread"", ""DriverLoad"", ""AsepValueUpdate"", ""AsepKeyUpdate"", ""SensitiveWmiQuery"", ""NewExecutableRenamed"", ""HostedServiceStarted"", ""ModifyServiceBinary"", ""CreateService"", ""Sche"
crowdstrike:events:sensor,EVAL,dest_aid,"AND,NOT",AsepKeyUpdate;AsepValueUpdate;AssociateIndicator;CommandHistory;CreateService;CriticalEnvironmentVariableChanged;CriticalFileAccessed;DirectoryCreate;DmpFileWritten;DnsRequest;DriverLoad;ELFFileWritten;EndOfProcess;ExecutableDeleted;FileCreateInfo;FileOpenInfo;FileRenameInfo;FsVolumeMounted;HostInfo;HostedServiceStarted;ImageHash;InjectedThread;InstalledApplication;InstanceMetadata;KernelModeLoadImage;LFODownloadConfirmation;LocalIpAddressIP4;LocalIpAddressIP6;ModifyServiceBinary;NetworkCloseIP4;NetworkCloseIP6;NetworkConnectIP4;NetworkConnectIP6;NetworkListenIP4;NetworkListenIP6;NetworkReceiveAcceptIP4;NetworkReceiveAcceptIP6;NewExecutableRenamed;NewExecutableWritten;NewScriptWritten;OsVersionInfo;PackedExecutableWritten;PeFileWritten;PeVersionInfo;PrivilegedProcessHandleFromUnsignedModule;ProcessBlocked;ProcessRollup2;ProcessRollup2Stats;QuarantinedFile;QuarantinedFileState;RarFileWritten;RemovableMediaVolumeMounted;ScheduledTaskRegistered;ScreenshotTakenEtw;ScriptControlDetectInfo;ScriptControlScanInfo;SensitiveWmiQuery;ServiceStarted;SyntheticProcessRollup2;SystemCapacity;UserIdentity;UserLogoff;UserLogon;UserLogonFailed;UserLogonFailed2;WmiCreateProcess,"case(isnull(device_hostname) AND isnull(aid_computer_name) AND event_simpleName IN (""ScreenshotTakenEtw"", ""WmiCreateProcess"", ""InjectedThread"", ""DriverLoad"", ""AsepValueUpdate"", ""AsepKeyUpdate"", ""SensitiveWmiQuery"", ""NewExecutableRenamed"", ""HostedServ"
crowdstrike:events:sensor,LOOKUP,dest_host,dest_host_aid,,LOOKUP-crowdstrike_ta_cim_dest_host via crowdstrike_ta_host_resolution_lookup (ComputerName)
crowdstrike:events:sensor,EVAL,dest_host,,LocalIpAddressIP4;LocalIpAddressIP6,"case(event_simpleName IN (""LocalIpAddressIP4"", ""LocalIpAddressIP6""), coalesce(device_hostname, aid_computer_name))"
crowdstrike:events:sensor,EVAL,dest_host_aid,AND,LocalIpAddressIP4;LocalIpAddressIP6,"case(isnull(device_hostname) AND isnull(aid_computer_name) AND event_simpleName IN (""LocalIpAddressIP4"", ""LocalIpAddressIP6""),  aid)"
crowdstrike:events:sensor,EVAL,dest_ip,,AsepKeyUpdate;AsepValueUpdate;CreateService;CriticalFileAccessed;DriverLoad;HostedServiceStarted;InjectedThread;ModifyServiceBinary;NewExecutableRenamed;RemovableMediaVolumeMounted;ScheduledTaskRegistered;ScreenshotTakenEtw;ScriptControlDetectInfo;ScriptControlScanInfo;SensitiveWmiQuery;UserLogonFailed2;WmiCreateProcess,"case(event_simpleName IN (""ScreenshotTakenEtw"", ""WmiCreateProcess"", ""InjectedThread"", ""DriverLoad"", ""AsepValueUpdate"", ""AsepKeyUpdate"", ""SensitiveWmiQuery"", ""NewExecutableRenamed"", ""HostedServiceStarted"", ""ModifyServiceBinary"", ""CreateService"", ""Sche"
crowdstrike:events:sensor,EVAL,dest_name,ClientComputerName,SensitiveWmiQuery,"case(event_simpleName IN (""SensitiveWmiQuery""), ClientComputerName)"
crowdstrike:events:sensor,EVAL,dest_nt_domain,LogonDomain,UserLogoff;UserLogon,"case(event_simpleName IN (""UserLogon"", ""UserLogoff""), LogonDomain)"
crowdstrike:events:sensor,EVAL,dest_port,"LocalPort,RemotePort",NetworkCloseIP4;NetworkCloseIP6;NetworkConnectIP4;NetworkConnectIP6;NetworkListenIP4;NetworkListenIP6;NetworkReceiveAcceptIP4;NetworkReceiveAcceptIP6,"case(event_simpleName IN (""NetworkConnectIP4"", ""NetworkCloseIP4"", ""NetworkCloseIP6"", ""NetworkConnectIP6""), RemotePort,  event_simpleName IN (""NetworkListenIP4"", ""NetworkListenIP6"", ""NetworkReceiveAcceptIP4"", ""NetworkReceiveAcceptIP6""), LocalPort)"
crowdstrike:events:sensor,LOOKUP,dvc,dvc_aid,,LOOKUP-crowdstrike_ta_cim_dvc via crowdstrike_ta_host_resolution_lookup (ComputerName)
crowdstrike:events:sensor,EVAL,dvc,,CriticalEnvironmentVariableChanged;FileRenameInfo;InstalledApplication;NewExecutableRenamed;SensitiveWmiQuery;UserLogoff,"case(event_simpleName IN (""SensitiveWmiQuery"", ""NewExecutableRenamed"", ""FileRenameInfo"", ""UserLogoff"", ""InstalledApplication"", ""CriticalEnvironmentVariableChanged""),  coalesce(device_hostname, aid_computer_name))"
crowdstrike:events:sensor,EVAL,dvc_aid,AND,AsepKeyUpdate;AsepValueUpdate;CommandHistory;CreateService;CriticalEnvironmentVariableChanged;CriticalFileAccessed;DirectoryCreate;DriverLoad;ELFFileWritten;EndOfProcess;ExecutableDeleted;FileCreateInfo;FileOpenInfo;FileRenameInfo;HostInfo;HostedServiceStarted;ImageHash;InjectedThread;InstalledApplication;InstanceMetadata;KernelModeLoadImage;LFODownloadConfirmation;ModifyServiceBinary;NewExecutableRenamed;NewExecutableWritten;NewScriptWritten;OsVersionInfo;PackedExecutableWritten;PeFileWritten;PeVersionInfo;PrivilegedProcessHandleFromUnsignedModule;ProcessBlocked;ProcessRollup2;ProcessRollup2Stats;QuarantinedFile;QuarantinedFileState;RarFileWritten;ScheduledTaskRegistered;ScreenshotTakenEtw;SensitiveWmiQuery;ServiceStarted;SyntheticProcessRollup2;SystemCapacity;UserIdentity;UserLogoff;UserLogonFailed;UserLogonFailed2;WmiCreateProcess,"case(isnull(device_hostname) AND isnull(aid_computer_name) AND event_simpleName IN (""ScreenshotTakenEtw"", ""WmiCreateProcess"", ""InjectedThread"", ""DriverLoad"", ""AsepValueUpdate"", ""AsepKeyUpdate"", ""SensitiveWmiQuery"", ""NewExecutableRenamed"", ""HostedServ"
crowdstrike:events:sensor,EVAL,enabled,,HostInfo;InstanceMetadata;LocalIpAddressIP4;LocalIpAddressIP6;OsVersionInfo;UserIdentity,"case(event_simpleName IN (""OsVersionInfo"", ""LocalIpAddressIP4"", ""LocalIpAddressIP6"", ""InstanceMetadata"", ""HostInfo"", ""UserIdentity""), ""true"")"
crowdstrike:events:sensor,EVAL,family,"AND,CpuProcessorName,OSVersionString",InstanceMetadata;OsVersionInfo;SystemCapacity,"case(event_simpleName=""OsVersionInfo"" AND event_platform=""Lin"", case(event_simpleName=""OsVersionInfo"" AND event_platform=""Lin"", mvindex(split(OSVersionString, "" ""), -1)), event_simpleName=""InstanceMetadata"", json_extract(InstanceMetadata,""architectur"
crowdstrike:events:sensor,EVAL,file_access_time,ContextTimeStamp,CriticalFileAccessed;DirectoryCreate;ELFFileWritten;ExecutableDeleted;FileCreateInfo;FileOpenInfo;FileRenameInfo;FsVolumeMounted;NewExecutableWritten;NewScriptWritten;PackedExecutableWritten;PeFileWritten;PeVersionInfo;RarFileWritten;RemovableMediaVolumeMounted,"case(event_simpleName IN (""RarFileWritten"", ""ELFFileWritten"", ""FileCreateInfo"", ""FileRenameInfo"", ""NewExecutableWritten"", ""PeFileWritten"", ""DirectoryCreate"", ""NewScriptWritten"", ""ExecutableDeleted"", ""FileOpenInfo"", ""CriticalFileAccessed"", ""RemovableM"
crowdstrike:events:sensor,EVAL,file_create_time,ContextTimeStamp,DirectoryCreate;DmpFileWritten;ELFFileWritten;FileCreateInfo;NewExecutableWritten;NewScriptWritten;PackedExecutableWritten;PeFileWritten;RarFileWritten,"case(event_simpleName IN (""RarFileWritten"", ""ELFFileWritten"", ""FileCreateInfo"", ""NewExecutableWritten"", ""PeFileWritten"", ""DirectoryCreate"", ""NewScriptWritten"", ""DmpFileWritten""), ContextTimeStamp, event_simpleName IN (""PackedExecutableWritten""), time"
crowdstrike:events:sensor,EVAL,file_hash,"AND,SHA256HashData",ELFFileWritten;ExecutableDeleted;NewExecutableWritten;NewScriptWritten;PackedExecutableWritten;PeFileWritten;PeVersionInfo;QuarantinedFile;QuarantinedFileState,"case(event_simpleName IN (""ELFFileWritten"", ""QuarantinedFile"", ""QuarantinedFileState"", ""PeFileWritten"", ""PeVersionInfo"", ""PackedExecutableWritten"", ""NewExecutableWritten""), SHA256HashData, event_simpleName=""ExecutableDeleted"", null(), event_simpleNam"
crowdstrike:events:sensor,EVAL,file_modify_time,ContextTimeStamp,DirectoryCreate;ExecutableDeleted;FileCreateInfo;FileOpenInfo;FileRenameInfo;NewExecutableWritten;NewScriptWritten;PackedExecutableWritten;PeFileWritten,"case(event_simpleName IN (""FileCreateInfo"", ""FileRenameInfo"", ""NewExecutableWritten"", ""PeFileWritten"", ""DirectoryCreate"", ""NewScriptWritten"", ""ExecutableDeleted"", ""FileOpenInfo""), ContextTimeStamp,  event_simpleName IN (""PackedExecutableWritten""), ti"
crowdstrike:events:sensor,EVAL,file_name,"ImageFileName,TargetFileName,VolumeName",CriticalFileAccessed;DirectoryCreate;DmpFileWritten;ELFFileWritten;ExecutableDeleted;FileCreateInfo;FileOpenInfo;FileRenameInfo;FsVolumeMounted;LFODownloadConfirmation;NewExecutableWritten;NewScriptWritten;PackedExecutableWritten;PeFileWritten;PeVersionInfo;QuarantinedFile;QuarantinedFileState;RarFileWritten;RemovableMediaVolumeMounted,"case(event_simpleName IN (""QuarantinedFile"", ""QuarantinedFileState"", ""PeVersionInfo""), mvindex(split(ImageFileName, if(event_platform=""Win"", ""\\"", ""/"")), -1),  event_simpleName IN (""RemovableMediaVolumeMounted"", ""FsVolumeMounted""), mvindex(split(Volu"
crowdstrike:events:sensor,EVAL,file_path,"DownloadPath,ImageFileName,QuarantinedFileName,TargetFileName,VolumeName",CriticalFileAccessed;DirectoryCreate;DmpFileWritten;ELFFileWritten;ExecutableDeleted;FileCreateInfo;FileOpenInfo;FsVolumeMounted;LFODownloadConfirmation;NewExecutableWritten;NewScriptWritten;PackedExecutableWritten;PeFileWritten;PeVersionInfo;QuarantinedFile;QuarantinedFileState;RarFileWritten;RemovableMediaVolumeMounted,"case(event_simpleName IN (""RemovableMediaVolumeMounted"", ""FsVolumeMounted""), VolumeName, event_platform=""Win"",  case(event_simpleName IN (""PeVersionInfo"", ""QuarantinedFile""), ImageFileName,  event_simpleName IN (""QuarantinedFileState""), QuarantinedFi"
crowdstrike:events:sensor,EVAL,file_size,Size,DmpFileWritten;NewExecutableWritten;NewScriptWritten;PeFileWritten,"case(event_simpleName IN (""PeFileWritten"", ""NewScriptWritten"", ""NewExecutableWritten""), round(Size/1000), event_simpleName=""DmpFileWritten"", round(Size/1000))"
crowdstrike:events:sensor,FIELDALIAS,identity,UserSid,,FIELDALIAS-ses_ai_identity
crowdstrike:events:sensor,EVAL,interface,InterfaceAlias,LocalIpAddressIP4;LocalIpAddressIP6,"case(event_simpleName IN (""LocalIpAddressIP4"", ""LocalIpAddressIP6""), InterfaceAlias)"
crowdstrike:events:sensor,EVAL,ip,"LocalAddressIP4,LocalAddressIP6",LocalIpAddressIP4;LocalIpAddressIP6,"case(event_simpleName=""LocalIpAddressIP4"", LocalAddressIP4, event_simpleName=""LocalIpAddressIP6"", LocalAddressIP6)"
crowdstrike:events:sensor,EVAL,mac,PhysicalAddress,LocalIpAddressIP4;LocalIpAddressIP6,"case(event_simpleName IN (""LocalIpAddressIP4"", ""LocalIpAddressIP6""), if(PhysicalAddress="""", null(), PhysicalAddress))"
crowdstrike:events:sensor,EVAL,message_type,,DnsRequest,"case(event_simpleName=""DnsRequest"", ""Query"")"
crowdstrike:events:sensor,EVAL,object,"AppName,ClientComputerName,EnvironmentVariableName,SourceFileName,TargetFileName,UserName",CriticalEnvironmentVariableChanged;FileRenameInfo;InstalledApplication;NewExecutableRenamed;SensitiveWmiQuery;UserLogoff,"case(event_simpleName=""FileRenameInfo"", TargetFileName,  event_simpleName=""UserLogoff"", UserName,  event_simpleName=""InstalledApplication"", AppName,  event_simpleName=""CriticalEnvironmentVariableChanged"", EnvironmentVariableName,  event_simpleName IN"
crowdstrike:events:sensor,EVAL,object_attrs,"AppVersion,EnvironmentVariableValue",CriticalEnvironmentVariableChanged;FileRenameInfo;InstalledApplication;SensitiveWmiQuery;UserLogoff,"case(event_simpleName=""FileRenameInfo"", ""file name"", event_simpleName IN (""SensitiveWmiQuery""), event_platform, event_simpleName=""InstalledApplication"", AppVersion, event_simpleName=""CriticalEnvironmentVariableChanged"", EnvironmentVariableValue, even"
crowdstrike:events:sensor,EVAL,object_category,EnvironmentVariableName,CriticalEnvironmentVariableChanged;FileRenameInfo;InstalledApplication;SensitiveWmiQuery;UserLogoff,"case(event_simpleName=""FileRenameInfo"", ""file"",  event_simpleName=""UserLogoff"", ""user"",  event_simpleName=""InstalledApplication"", ""application"",  event_simpleName=""CriticalEnvironmentVariableChanged"", EnvironmentVariableName,  event_simpleName IN (""S"
crowdstrike:events:sensor,EVAL,object_id,"UID,UserSid",UserLogoff,"case(event_platform IN (""Win"",""Mac"", ""Lin""), case(event_simpleName=""UserLogoff"", coalesce(UserSid, UID)))"
crowdstrike:events:sensor,EVAL,object_path,"SourceFileName,WmiNamespaceName",FileRenameInfo;NewExecutableRenamed;SensitiveWmiQuery,"case(event_platform=""Win"", case(event_simpleName IN (""NewExecutableRenamed"", ""FileRenameInfo""), SourceFileName,  event_simpleName IN (""SensitiveWmiQuery""), WmiNamespaceName))"
crowdstrike:events:sensor,EVAL,original_file_name,OriginalFilename,PeVersionInfo,"case(event_simpleName=""PeVersionInfo"", OriginalFilename)"
crowdstrike:events:sensor,EVAL,os,,CommandHistory;DriverLoad;EndOfProcess;HostInfo;ImageHash;InjectedThread;KernelModeLoadImage;OsVersionInfo;PrivilegedProcessHandleFromUnsignedModule;ProcessBlocked;ProcessRollup2;ProcessRollup2Stats;ScreenshotTakenEtw;SyntheticProcessRollup2;WmiCreateProcess,"case(event_simpleName IN (""ScreenshotTakenEtw"", ""WmiCreateProcess"", ""InjectedThread"", ""DriverLoad"", ""OsVersionInfo"", ""ProcessRollup2"", ""EndOfProcess"", ""SyntheticProcessRollup2"", ""ImageHash"", ""CommandHistory"", ""ProcessBlocked"", ""PrivilegedProcessHandl"
crowdstrike:events:sensor,EVAL,parent_process_exec,ParentBaseFileName,ProcessBlocked;ProcessRollup2,"case(event_simpleName IN (""ProcessRollup2"", ""ProcessBlocked""), ParentBaseFileName)"
crowdstrike:events:sensor,EVAL,parent_process_id,ParentProcessId,EndOfProcess;ProcessBlocked;ProcessRollup2;ProcessRollup2Stats;SyntheticProcessRollup2,"case(event_simpleName IN (""ProcessRollup2"", ""EndOfProcess"", ""SyntheticProcessRollup2"", ""ProcessBlocked"", ""ProcessRollup2Stats""), ParentProcessId)"
crowdstrike:events:sensor,EVAL,parent_process_name,ParentBaseFileName,ProcessBlocked;ProcessRollup2,"case(event_simpleName IN (""ProcessRollup2"", ""ProcessBlocked""), ParentBaseFileName)"
crowdstrike:events:sensor,EVAL,process,"CommandLine,ImageFileName,Win",CommandHistory;ImageHash;KernelModeLoadImage;PrivilegedProcessHandleFromUnsignedModule;ProcessBlocked;ProcessRollup2;ProcessRollup2Stats;ScreenshotTakenEtw;SyntheticProcessRollup2;WmiCreateProcess,"case(event_simpleName IN (""WmiCreateProcess"", ""ScreenshotTakenEtw"", ""ProcessRollup2"", ""SyntheticProcessRollup2"", ""ProcessBlocked"", ""ProcessRollup2Stats""), replace(trim(CommandLine, "" ""), ""\"""", """"),  event_simpleName IN (""ImageHash"", ""PrivilegedProces"
crowdstrike:events:sensor,EVAL,process_exec,"CommandLine,ImageFileName",CommandHistory;DriverLoad;ImageHash;PrivilegedProcessHandleFromUnsignedModule;ProcessBlocked;ProcessRollup2;ProcessRollup2Stats;ScreenshotTakenEtw;SyntheticProcessRollup2;WmiCreateProcess,"case(event_simpleName IN (""WmiCreateProcess"", ""DriverLoad"", ""ScreenshotTakenEtw"", ""ProcessBlocked"", ""PrivilegedProcessHandleFromUnsignedModule"", ""ImageHash"", ""ProcessRollup2"", ""SyntheticProcessRollup2""), mvindex(split(ImageFileName, if(event_platform"
crowdstrike:events:sensor,EVAL,process_guid,VolumeSessionUUID,NewExecutableWritten;RemovableMediaVolumeMounted,"case(event_simpleName=""RemovableMediaVolumeMounted"", VolumeSessionUUID, event_simpleName=""NewExecutableWritten"", id)"
crowdstrike:events:sensor,EVAL,process_hash,SHA256HashData,EndOfProcess;ImageHash;KernelModeLoadImage;PrivilegedProcessHandleFromUnsignedModule;ProcessBlocked;ProcessRollup2;ProcessRollup2Stats;SyntheticProcessRollup2,"case(event_simpleName IN (""ProcessRollup2"", ""EndOfProcess"", ""SyntheticProcessRollup2"", ""ImageHash"", ""ProcessBlocked"", ""PrivilegedProcessHandleFromUnsignedModule"", ""KernelModeLoadImage"", ""ProcessRollup2Stats""), SHA256HashData)"
crowdstrike:events:sensor,EVAL,process_id,"ContextProcessId,RpcClientProcessId,TargetProcessId",AsepKeyUpdate;AsepValueUpdate;CommandHistory;CreateService;CriticalFileAccessed;DirectoryCreate;DmpFileWritten;DriverLoad;ELFFileWritten;EndOfProcess;ExecutableDeleted;FileCreateInfo;FileOpenInfo;FileRenameInfo;FsVolumeMounted;ImageHash;InjectedThread;KernelModeLoadImage;ModifyServiceBinary;NetworkCloseIP4;NetworkCloseIP6;NetworkConnectIP4;NetworkConnectIP6;NetworkListenIP4;NetworkListenIP6;NetworkReceiveAcceptIP4;NetworkReceiveAcceptIP6;NewExecutableWritten;NewScriptWritten;PackedExecutableWritten;PeFileWritten;PeVersionInfo;PrivilegedProcessHandleFromUnsignedModule;ProcessBlocked;ProcessRollup2;RarFileWritten;RemovableMediaVolumeMounted;ScheduledTaskRegistered;ScreenshotTakenEtw;ServiceStarted;SyntheticProcessRollup2;WmiCreateProcess,"case(event_simpleName IN (""InjectedThread"", ""WmiCreateProcess"", ""ServiceStarted"", ""ProcessRollup2"", ""SyntheticProcessRollup2"", ""CommandHistory"", ""ProcessBlocked"", ""PeVersionInfo""), TargetProcessId,  event_simpleName IN (""ScreenshotTakenEtw"", ""DriverL"
crowdstrike:events:sensor,EVAL,process_integrity_level,IntegrityLevel,CommandHistory;EndOfProcess;ImageHash;PrivilegedProcessHandleFromUnsignedModule;ProcessBlocked;ProcessRollup2;SyntheticProcessRollup2,"case(event_simpleName IN (""ProcessRollup2"", ""SyntheticProcessRollup2"", ""EndOfProcess"", ""ImageHash"", ""CommandHistory"", ""ProcessBlocked"", ""PrivilegedProcessHandleFromUnsignedModule""), IntegrityLevel)"
crowdstrike:events:sensor,LOOKUP,process_integrity_level,process_integrity_level,,LOOKUP-crowdstrike_ta_process_integrity_level via crowdstrike_ta_lookup_IntegrityLevel (IntegrityLevel_lc_meaning)
crowdstrike:events:sensor,EVAL,process_name,"CommandLine,ImageFileName,Win",CommandHistory;DriverLoad;ImageHash;KernelModeLoadImage;PrivilegedProcessHandleFromUnsignedModule;ProcessBlocked;ProcessRollup2;ScreenshotTakenEtw;SyntheticProcessRollup2;WmiCreateProcess,"case(event_simpleName IN (""ProcessRollup2"", ""SyntheticProcessRollup2"", ""ProcessBlocked""), mvindex(split(if(like(CommandLine, ""\""%\""%""), mvindex(split(CommandLine, ""\""""), 1), mvindex(split(CommandLine, "" ""), 0)), if(event_platform=""Win"", ""\\"", ""/"")), "
crowdstrike:events:sensor,EVAL,process_path,"CommandLine,ImageFileName",DriverLoad;ImageHash;KernelModeLoadImage;PrivilegedProcessHandleFromUnsignedModule;ProcessBlocked;ProcessRollup2;ProcessRollup2Stats;ScreenshotTakenEtw;SyntheticProcessRollup2;WmiCreateProcess,"case(event_simpleName IN (""ProcessRollup2"", ""SyntheticProcessRollup2"", ""ProcessBlocked""), if(event_platform=""Win"", if(substr(CommandLine, 1, 1)=""\"""", mvindex(split(CommandLine, ""\""""), 1), mvindex(split(CommandLine, "" ""), 0)), ImageFileName),  event_s"
crowdstrike:events:sensor,EVAL,query,DomainName,DnsRequest,"case(event_simpleName=""DnsRequest"", DomainName)"
crowdstrike:events:sensor,EVAL,query_count,DnsRequestCount,DnsRequest,"case(event_simpleName=""DnsRequest"", DnsRequestCount)"
crowdstrike:events:sensor,EVAL,query_type,,DnsRequest,"case(event_simpleName=""DnsRequest"", json_extract(lookup(""crowdstrike_ta_lookup_RequestType"", json_object(""RequestType"", RequestType), json_array(""RequestType_meaning"")), ""RequestType_meaning""))"
crowdstrike:events:sensor,EVAL,reason,,UserLogon;UserLogonFailed;UserLogonFailed2,"case(event_simpleName=""UserLogon"", ""success"", event_simpleName IN (""UserLogonFailed"", ""UserLogonFailed2""), ""failure"")"
crowdstrike:events:sensor,EVAL,record_type,"IP4Records,IP6Records",DnsRequest,"case(event_simpleName=""DnsRequest"", case(isnotnull(IP6Records), ""AAAA"", isnotnull(IP4Records), ""A""))"
crowdstrike:events:sensor,EVAL,registry_hive,"CONFIG,DEFAULT,HKEY_LOCAL_MACHINE,MACHINE,REGISTRY,RegObjectName,SAM,SECURITY,SOFTWARE,SYSTEM",AsepKeyUpdate;AsepValueUpdate,"case(event_simpleName IN (""AsepKeyUpdate"", ""AsepValueUpdate""),  case(like(RegObjectName, ""\\REGISTRY\\MACHINE\\SAM\\%""), ""HKEY_LOCAL_MACHINE\\SAM"",  like(RegObjectName, ""\\REGISTRY\\MACHINE\\SECURITY\\%""), ""HKEY_LOCAL_MACHINE\\Security"",  like(RegObj"
crowdstrike:events:sensor,EVAL,registry_path,RegObjectName,AsepKeyUpdate;AsepValueUpdate,"case(event_simpleName IN (""AsepValueUpdate"", ""AsepKeyUpdate""), RegObjectName)"
crowdstrike:events:sensor,EVAL,registry_value_data,RegStringValue,AsepValueUpdate,"case(event_simpleName IN (""AsepValueUpdate""), if(RegStringValue="""", null(), RegStringValue))"
crowdstrike:events:sensor,EVAL,registry_value_name,RegObjectName,AsepKeyUpdate;AsepValueUpdate,"case(event_simpleName IN (""AsepValueUpdate"", ""AsepKeyUpdate""), RegObjectName)"
crowdstrike:events:sensor,EVAL,registry_value_type,,AsepKeyUpdate;AsepValueUpdate,"case(event_simpleName=""AsepValueUpdate"", json_extract(lookup(""crowdstrike_ta_lookup_RegType"", json_object(""RegType"", RegType), json_array(""RegType_meaning"")), ""RegType_meaning""), event_simpleName=""AsepKeyUpdate"", ""REG_BINARY"")"
crowdstrike:events:sensor,EVAL,reply_code,,DnsRequest,"case(event_simpleName=""DnsRequest"", json_extract(lookup(""crowdstrike_ta_lookup_QueryStatus"", json_object(""QueryStatus"", QueryStatus), json_array(""QueryStatus_code"")), ""QueryStatus_code""))"
crowdstrike:events:sensor,EVAL,reply_code_id,QueryStatus,DnsRequest,"case(event_simpleName=""DnsRequest"", QueryStatus)"
crowdstrike:events:sensor,EVAL,result,,CriticalEnvironmentVariableChanged;InstalledApplication;NewExecutableRenamed;SensitiveWmiQuery;UserLogoff,"case(event_simpleName IN (""NewExecutableRenamed""), ""NewExecutableRenamed"",  event_simpleName=""CriticalEnvironmentVariableChanged"", ""CriticalEnvironmentVariableChanged"",  event_simpleName=""InstalledApplication"", ""InstalledApplication"",  event_simpleNa"
crowdstrike:events:sensor,EVAL,result_id,AuthenticationId,UserLogoff,"case(event_simpleName=""UserLogoff"", AuthenticationId)"
crowdstrike:events:sensor,EVAL,serial,BootArgs,HostInfo;InstanceMetadata,"case(event_simpleName=""InstanceMetadata"", json_extract(InstanceMetadata,""instanceId""), event_simpleName=""HostInfo"", mvindex(split(BootArgs, ""=""), -1), true(), serial)"
crowdstrike:events:sensor,EVAL,service,"AND,ServiceDisplayName,ServiceImagePath,TaskExecCommand",CreateService;HostedServiceStarted;ModifyServiceBinary;ScheduledTaskRegistered;ServiceStarted,"case(event_simpleName IN (""HostedServiceStarted"", ""ServiceStarted"") AND event_platform=""Win"", ServiceDisplayName,  event_simpleName IN (""ScheduledTaskRegistered"") AND event_platform=""Win"", mvindex(split(TaskExecCommand, if(event_platform=""Win"", ""\\"","
crowdstrike:events:sensor,EVAL,service_exec,"AND,ImageFileName,ServiceImagePath,TaskExecCommand",CreateService;HostedServiceStarted;ModifyServiceBinary;ScheduledTaskRegistered;ServiceStarted,"case(event_simpleName IN (""HostedServiceStarted"", ""ServiceStarted""), mvindex(split(ImageFileName, if(event_platform=""Win"", ""\\"", ""/"")), -1),  event_simpleName IN (""ScheduledTaskRegistered"") AND event_platform=""Win"", mvindex(split(TaskExecCommand, if("
crowdstrike:events:sensor,EVAL,service_name,"AND,ServiceDisplayName,ServiceImagePath,TaskExecCommand",CreateService;HostedServiceStarted;ModifyServiceBinary;ScheduledTaskRegistered;ServiceStarted,"case(event_simpleName IN (""HostedServiceStarted"", ""ServiceStarted"") AND event_platform=""Win"", ServiceDisplayName,  event_simpleName IN (""ScheduledTaskRegistered""), mvindex(split(TaskExecCommand, if(event_platform=""Win"", ""\\"", ""/"")), -1),  event_simpl"
crowdstrike:events:sensor,EVAL,service_path,"AND,CommandLine,ImageFileName,ServiceImagePath,TaskExecCommand",CreateService;HostedServiceStarted;ModifyServiceBinary;ScheduledTaskRegistered;ServiceStarted,"case(event_simpleName=""ServiceStarted"" AND event_platform=""Win"", mvindex(split(CommandLine, "" ""), 0),  event_simpleName IN (""ScheduledTaskRegistered"") AND event_platform=""Win"", TaskExecCommand,  event_simpleName IN (""ModifyServiceBinary"", ""CreateServ"
crowdstrike:events:sensor,EVAL,severity,,QuarantinedFile;QuarantinedFileState,"case(event_simpleName IN (""QuarantinedFileState"", ""QuarantinedFile""), ""informational"")"
crowdstrike:events:sensor,EVAL,signature,,AssociateIndicator;DnsRequest;ScriptControlDetectInfo;ScriptControlScanInfo,"case(event_simpleName IN (""DnsRequest"", ""AssociateIndicator"", ""ScriptControlScanInfo"", ""ScriptControlDetectInfo""), name)"
crowdstrike:events:sensor,EVAL,signature_id,"AND,PatternId",QuarantinedFile,"case(event_simpleName=""QuarantinedFile"" AND event_platform=""Win"", PatternId)"
crowdstrike:events:sensor,LOOKUP,src,src_aid,,LOOKUP-crowdstrike_ta_cim_src via crowdstrike_ta_host_resolution_lookup (ComputerName)
crowdstrike:events:sensor,EVAL,src,"ClientComputerName,LocalAddressIP4,LocalAddressIP6,RemoteAddressIP4,RemoteAddressIP6",AssociateIndicator;CriticalEnvironmentVariableChanged;DnsRequest;FileRenameInfo;InstalledApplication;NetworkCloseIP4;NetworkCloseIP6;NetworkConnectIP4;NetworkConnectIP6;NetworkListenIP4;NetworkListenIP6;NetworkReceiveAcceptIP4;NetworkReceiveAcceptIP6;ScriptControlDetectInfo;ScriptControlScanInfo;UserLogoff;UserLogon;UserLogonFailed;UserLogonFailed2,"case(event_simpleName IN (""FileRenameInfo"", ""UserLogoff"", ""UserLogonFailed"", ""DnsRequest"", ""InstalledApplication"", ""CriticalEnvironmentVariableChanged"", ""UserLogon"", ""AssociateIndicator"", ""ScriptControlDetectInfo"", ""ScriptControlScanInfo""), coalesce("
crowdstrike:events:sensor,EVAL,src_aid,AND,AsepKeyUpdate;AsepValueUpdate;AssociateIndicator;CommandHistory;CreateService;CriticalEnvironmentVariableChanged;CriticalFileAccessed;DirectoryCreate;DnsRequest;DriverLoad;ELFFileWritten;EndOfProcess;ExecutableDeleted;FileCreateInfo;FileOpenInfo;FileRenameInfo;HostInfo;HostedServiceStarted;ImageHash;InjectedThread;InstalledApplication;InstanceMetadata;KernelModeLoadImage;LFODownloadConfirmation;ModifyServiceBinary;NewExecutableRenamed;NewExecutableWritten;NewScriptWritten;OsVersionInfo;PackedExecutableWritten;PeFileWritten;PeVersionInfo;PrivilegedProcessHandleFromUnsignedModule;ProcessBlocked;ProcessRollup2;ProcessRollup2Stats;QuarantinedFile;QuarantinedFileState;RarFileWritten;ScheduledTaskRegistered;ScreenshotTakenEtw;ScriptControlDetectInfo;ScriptControlScanInfo;SensitiveWmiQuery;ServiceStarted;SyntheticProcessRollup2;SystemCapacity;UserIdentity;UserLogoff;UserLogon;UserLogonFailed;UserLogonFailed2;WmiCreateProcess,"case(isnull(device_hostname) AND isnull(aid_computer_name) AND event_simpleName IN (""ScreenshotTakenEtw"", ""WmiCreateProcess"", ""InjectedThread"", ""DriverLoad"", ""AsepValueUpdate"", ""AsepKeyUpdate"", ""SensitiveWmiQuery"", ""NewExecutableRenamed"", ""HostedServ"
crowdstrike:events:sensor,EVAL,src_ip,,LocalIpAddressIP4;LocalIpAddressIP6;ScriptControlDetectInfo;ScriptControlScanInfo;UserLogon;UserLogonFailed2,"case(event_simpleName IN (""LocalIpAddressIP4"", ""LocalIpAddressIP6"", ""UserLogon"", ""ScriptControlDetectInfo"", ""ScriptControlScanInfo"", ""UserLogonFailed2""), aip)"
crowdstrike:events:sensor,EVAL,src_nt_domain,LogonDomain,UserLogoff;UserLogon,"case(event_simpleName IN (""UserLogon"", ""UserLogoff""), LogonDomain)"
crowdstrike:events:sensor,EVAL,src_port,"LocalPort,RemotePort",NetworkCloseIP4;NetworkCloseIP6;NetworkConnectIP4;NetworkConnectIP6;NetworkListenIP4;NetworkListenIP6;NetworkReceiveAcceptIP4;NetworkReceiveAcceptIP6,"case(event_simpleName IN (""NetworkConnectIP4"", ""NetworkCloseIP4"", ""NetworkCloseIP6"", ""NetworkConnectIP6""), LocalPort,  event_simpleName IN (""NetworkListenIP4"", ""NetworkListenIP6"", ""NetworkReceiveAcceptIP4"", ""NetworkReceiveAcceptIP6""), RemotePort)"
crowdstrike:events:sensor,EVAL,src_user,"UID,UserSid",UserLogoff,"case(event_simpleName=""UserLogoff"", coalesce(UserSid, UID))"
crowdstrike:events:sensor,EVAL,src_user_id,UserSid,UserLogon;UserLogonFailed,"case(event_simpleName IN (""UserLogon"", ""UserLogonFailed""), UserSid)"
crowdstrike:events:sensor,EVAL,src_user_name,UserName,UserLogoff,"case(event_simpleName=""UserLogoff"", UserName)"
crowdstrike:events:sensor,EVAL,src_user_type,UserIsAdmin,UserLogoff;UserLogon;UserLogonFailed2,"case(event_simpleName IN (""UserLogoff"", ""UserLogon"", ""UserLogonFailed2""), if(UserIsAdmin=""1"", ""admin"", ""user""))"
crowdstrike:events:sensor,EVAL,state,Protocol,NetworkCloseIP4;NetworkCloseIP6;NetworkConnectIP4;NetworkConnectIP6;NetworkListenIP4;NetworkListenIP6;NetworkReceiveAcceptIP4;NetworkReceiveAcceptIP6,"case(event_simpleName IN (""NetworkCloseIP6"", ""NetworkCloseIP4""), ""closed"",  event_simpleName IN (""NetworkConnectIP4"", ""NetworkConnectIP6"", ""NetworkReceiveAcceptIP4"", ""NetworkReceiveAcceptIP6""), if(Protocol=""6"", ""established"", ""open""),  event_simpleNa"
crowdstrike:events:sensor,EVAL,status,AND,AsepKeyUpdate;AsepValueUpdate;CreateService;CriticalEnvironmentVariableChanged;FileRenameInfo;HostedServiceStarted;InstalledApplication;ModifyServiceBinary;NewExecutableRenamed;ScheduledTaskRegistered;SensitiveWmiQuery;ServiceStarted;UserIdentity;UserLogoff,"case(event_simpleName = ""UserIdentity"", ""logged on"",  event_simpleName IN (""HostedServiceStarted"", ""ModifyServiceBinary"", ""CreateService"", ""ServiceStarted"", ""ScheduledTaskRegistered"") AND event_platform = ""Win"", ""started"",  event_simpleName IN (""Asep"
crowdstrike:events:sensor,EVAL,transaction_id,,DnsRequest,"case(event_simpleName=""DnsRequest"", id)"
crowdstrike:events:sensor,LOOKUP,transport,Protocol,,LOOKUP-crowdstrike_ta_resolve_transport via crowdstrike_ta_lookup_Protocol (Protocol_lc_meaning)
crowdstrike:events:sensor,EVAL,transport_dest_port,"LocalPort,RemotePort",NetworkCloseIP4;NetworkCloseIP6;NetworkConnectIP4;NetworkConnectIP6;NetworkListenIP4;NetworkListenIP6;NetworkReceiveAcceptIP4;NetworkReceiveAcceptIP6,"case(event_simpleName IN (""NetworkConnectIP4"", ""NetworkCloseIP4"", ""NetworkCloseIP6"", ""NetworkConnectIP6""), json_extract(lookup(""crowdstrike_ta_lookup_Protocol"", json_object(""Protocol"", Protocol), json_array(""Protocol_lc_meaning"")), ""Protocol_lc_meani"
crowdstrike:events:sensor,EVAL,type,,AssociateIndicator;ScriptControlDetectInfo;ScriptControlScanInfo,"case(event_simpleName=""ScriptControlScanInfo"", ""event"", event_simpleName IN (""ScriptControlDetectInfo"", ""AssociateIndicator""), ""alert"")"
crowdstrike:events:sensor,EVAL,url_domain,DownloadServer,LFODownloadConfirmation,"case(event_simpleName=""LFODownloadConfirmation"", DownloadServer)"
crowdstrike:events:sensor,EVAL,user,"UID,UserName,UserPrincipal,UserSid",AssociateIndicator;CreateService;CriticalFileAccessed;EndOfProcess;HostedServiceStarted;NewScriptWritten;PeFileWritten;ProcessRollup2;ScheduledTaskRegistered;ScreenshotTakenEtw;SensitiveWmiQuery;ServiceStarted;SyntheticProcessRollup2;UserIdentity;UserLogoff;UserLogon;UserLogonFailed;UserLogonFailed2;WmiCreateProcess,"case(event_simpleName = ""PeFileWritten"", UserName,  event_simpleName = ""UserLogon"", coalesce(if(UserPrincipal="""", UserName, UserPrincipal), UserName),  event_simpleName IN (""SensitiveWmiQuery"", ""HostedServiceStarted"", ""CreateService"", ""ScheduledTaskR"
crowdstrike:events:sensor,EVAL,user_id,"FileOperatorSid,UID,UserSid",CommandHistory;EndOfProcess;FileRenameInfo;ImageHash_Win;PeFileWritten;PrivilegedProcessHandleFromUnsignedModule;ProcessBlocked;ProcessRollup2;SyntheticProcessRollup2;UserIdentity;UserLogoff;UserLogon;UserLogonFailed;UserLogonFailed2,"case(event_simpleName IN (""UserIdentity"",""UserLogon"",""UserLogonFailed"",""UserLogonFailed2"",""UserLogoff"",""ProcessRollup2"", ""EndOfProcess"", ""SyntheticProcessRollup2"",""ImageHash_Win"",""CommandHistory"",""ProcessBlocked"",""PrivilegedProcessHandleFromUnsignedM"
crowdstrike:events:sensor,EVAL,user_name,UserName,UserLogoff,"case(event_simpleName = ""UserLogoff"", UserName)"
crowdstrike:events:sensor,EVAL,user_type,"SYSTEM,UserIsAdmin,UserLogonFlags,UserName",SensitiveWmiQuery;UserLogoff;UserLogon;UserLogonFailed;UserLogonFailed2,"case(event_simpleName=""UserLogonFailed"", if(UserLogonFlags=""2"", ""admin"", ""user""),  event_simpleName IN (""UserLogon"", ""UserLogoff"", ""UserLogonFailed2""), if(UserIsAdmin=""1"", ""admin"", ""user""),  event_simpleName=""SensitiveWmiQuery"",  if(like(UserName,""%S"
crowdstrike:events:sensor,LOOKUP,userinfo_account_type,UserSid,,LOOKUP-crowdstrike_ta_userinfo_resolution_for_security_events via crowdstrike_ta_build_userinfo_resolution_lookup (AccountType)
crowdstrike:events:sensor,LOOKUP,userinfo_user,UserSid,,LOOKUP-crowdstrike_ta_userinfo_resolution_for_security_events via crowdstrike_ta_build_userinfo_resolution_lookup (User)
crowdstrike:events:sensor,LOOKUP,userinfo_user_name,UserSid,,LOOKUP-crowdstrike_ta_userinfo_resolution_for_security_events via crowdstrike_ta_build_userinfo_resolution_lookup (UserName)
crowdstrike:events:sensor,EVAL,vendor_account,"CrowdStrike,FDR",UserLogon;UserLogonFailed;UserLogonFailed2,"case(event_simpleName IN (""UserLogon"", ""UserLogonFailed"", ""UserLogonFailed2""), ""CrowdStrike FDR"")"
crowdstrike:events:sensor,EVAL,vendor_product,"CrowdStrike,FDR",,"""CrowdStrike FDR"""
crowdstrike:events:sensor,EVAL,version,"AND,OSVersionString,ProductName",InstanceMetadata;OsVersionInfo,"case(event_simpleName = ""OsVersionInfo"" AND event_platform != ""Win"", OSVersionString, event_simpleName = ""OsVersionInfo"" AND event_platform = ""Win"", ProductName, event_simpleName=""InstanceMetadata"", json_extract(InstanceMetadata,""version""))"
