field,type,description
AccessoryConnectionType,keyword,
AccessType,keyword,
AccountDomain,match_only_text,
AccountObjectGuid,match_only_text,
AccountObjectSid,match_only_text,
AccountType,keyword,
ActionBlocked,keyword,
ActiveCpuCount,long,
ActiveDirectoryAuthenticationMethod,keyword,
ActivityId,keyword,
AddressFamily,keyword,
AdminStatus,keyword,
AgenticDataSource,keyword,
AgenticHookVersion,keyword,
AgenticModel,keyword,
AgenticProduct,keyword,
AgenticSessionId,keyword,
AgenticWorkingDirectory,keyword,
AgentIdString,keyword,
AgentLoadFlags,keyword,
AgentLocalTime,date,
AgentTimeOffset,float,
AgentType,keyword,
AgentVersion,keyword,
AggregateId,keyword,
aid,keyword,
aipCount,integer,
AllocateVirtualMemoryCount,long,
AllowlistingFilterId,keyword,
AnodeIndicators,nested,
AntiTamperStateFlag,keyword,
ApiReturnValue,keyword,
ApplicationName,match_only_text,
ArchiveFileWrittenCount,long,
AsepClass,keyword,
AsepFlags,keyword,
AsepIndex,keyword,
AsepValueType,keyword,
AsepWrittenCount,long,
AssemblyFlags,keyword,
AssemblyId,keyword,
AssemblyName,keyword,
AssessedFileName,keyword,
assessments,flattened,
AssociatedFile,keyword,
attack_types,keyword,
Attacks.Tactic,keyword,
Attacks.Technique,keyword,
AttemptNumber,long,
AuthenticationActivityId,keyword,
AuthenticationId,keyword,
AuthenticationPackage,keyword,
AuthenticationUuid,keyword,
AuthenticationUuidAsString,keyword,
AuthenticodeHashData,keyword,
AuthenticodeHashDataSHA1,keyword,
AuthenticodeHashDataSHA256,keyword,
AuthenticodeSignatureFlags,keyword,
AvailableDiskSpace,keyword,
AverageCpuUsage,keyword,
AverageUsedRam,keyword,
aws_account_id,keyword,
AwsImageId,keyword,
AwsInstanceId,keyword,
AwsInstanceName,keyword,
AwsInstanceState,keyword,
AwsInstanceType,keyword,
AwsOwnerId,keyword,
AwsPrivateIPAddress,keyword,
AwsPublicIpAddress,keyword,
AwsRegion,keyword,
AwsSubnetId,keyword,
AwsVpcId,keyword,
AzureIpAddress,keyword,
AzureIpConfigurationId,keyword,
AzureIpConfigurationName,keyword,
AzureLocation,keyword,
AzurePrivateIpAddress,keyword,
AzureResourceGroup,keyword,
AzureResourceId,keyword,
AzureSubscriptionId,keyword,
AzureVmId,keyword,
AzureVMName,keyword,
AzureVMSize,keyword,
BaseFileName,keyword,
BaseModuleName,keyword,
BaseReachableTime,keyword,
BatchDataNumber,keyword,
BatchDataTotal,keyword,
BatchTimestamp,date,
BillingType,keyword,
BinaryExecutableWrittenCount,long,
BiosChanged,match_only_text,
BiosManufacturer,keyword,
BiosReleaseDate,date,
BiosVersion,keyword,
BluetoothClassOfDeviceValue,match_only_text,
BluetoothDeviceAddress,keyword,
BluetoothDeviceAddressType,keyword,
BluetoothDeviceAppearanceValue,match_only_text,
BluetoothDeviceModelNumber,match_only_text,
BluetoothDeviceName,match_only_text,
BluetoothDeviceType,keyword,
BluetoothServiceName_1,match_only_text,
BluetoothServiceName_3,match_only_text,
BluetoothServiceName_4,match_only_text,
BluetoothServiceName_5,match_only_text,
BluetoothServiceName_6,match_only_text,
BluetoothServiceName_7,match_only_text,
BluetoothServiceName_8,match_only_text,
BluetoothServiceUuid_1,match_only_text,
BluetoothServiceUuid_2,match_only_text,
BluetoothServiceUuid_3,match_only_text,
BluetoothServiceUuid_4,match_only_text,
BluetoothServiceUuid_5,match_only_text,
BluetoothServiceUuid_6,match_only_text,
BluetoothServiceUuid_7,match_only_text,
BluetoothServiceUuid_8,match_only_text,
BluetoothServiceUuidArray,match_only_text,
BluetoothVendorIdSource,match_only_text,
BootArgs,keyword,
BootTimeFunctionalityLevel,keyword,
BoundedCount,long,
BoundingLimitCount,long,
BoundingLimitDuration,keyword,
BrowserExtensionId,keyword,
BrowserExtensionInstallMethod,keyword,
BrowserExtensionStatusEnabled,keyword,
BrowserFileHash,keyword,
BrowserFilePath,keyword,
BrowserName,keyword,
BrowserProfileId,keyword,
BrowserProfileName,keyword,
BrowserVersion,keyword,
BundleID,keyword,
CallStackModuleNames,keyword,
CallStackModuleNamesVersion,version,
CapPrm,keyword,
CertificateIssuer,keyword,
CertificatePublisher,keyword,
CertificateSignatureHash,keyword,
CertificateSignatureHashAlgorithm,keyword,
ChangedPcrBitmap,match_only_text,
ChangeId,keyword,
ChangeTime,date,
ChannelDiffStatus,keyword,
ChannelId,keyword,
ChannelVersion,keyword,
ChannelVersionRequired,keyword,
ChasisManufacturer,keyword,
ChassisType,keyword,
cid,keyword,
cis_benchmark_ids,keyword,
cisa_benchmark_ids,keyword,
CLICreationCount,long,
ClientComputerName,keyword,
ClientId,match_only_text,
ClientProcessStartKey,keyword,
cloud_asset_type,long,
CloudErrorCode,keyword,
CloudIndicator,boolean,
cloudplatform,keyword,
CloudRequestId,keyword,
CNAMERecords,keyword,
CommandCount,match_only_text,
CommandCountMax,match_only_text,
CommandHistory,keyword,
CommandSequence,keyword,
CompanyName,keyword,
CompletionEventId,keyword,
compliance.benchmarkNames,keyword,
compliance.frameworks,keyword,
compliance.requirements,keyword,
compliance.sections,keyword,
compliance.versions,keyword,
CompositeId,keyword,Global unique identifier that identifies a unique alert.
ConfigBuild,keyword,
ConfigIDBase,keyword,
ConfigIDBuild,keyword,
ConfigIDPlatform,keyword,
ConfigStateData,text,
ConfigStateHash,keyword,
ConfigurationDescriptorAttributes,keyword,
ConfigurationDescriptorMaxPowerDraw,keyword,
ConfigurationDescriptorName,match_only_text,
ConfigurationDescriptorNumInterfaces,keyword,
ConfigurationDescriptorValue,keyword,
ConfigurationVersion,keyword,
ConHostId,keyword,
ConHostProcessId,keyword,
ConnectionAddressIP6,match_only_text,
ConnectionFlags,keyword,
ConnectionType,keyword,
ConnectTime,date,
ConnectType,keyword,
ContentDiff.Exists,boolean,
ContentPatternCounts,nested,
ContentPatterns.ConfidenceLevel,long,
ContentPatterns.ID,keyword,
ContentPatterns.MatchCount,long,
ContentPatterns.Name,keyword,
ContentSHA256HashData,keyword,
ContextBaseFileName,keyword,
ContextImageFileName,keyword,
ContextProcessId,keyword,
ContextProcessTagsAsString,keyword,
ContextThreadId,keyword,
ContextTimeStamp,date,System local time of event creation.
CpuClockSpeed,keyword,
CpuFeaturesMask,keyword,
CpuProcessorName,keyword,
CpuSignature,keyword,
CpuVendor,keyword,
created,date,
CreateProcessCount,long,
CreateProcessType,keyword,
crn,keyword,
CurrentFunctionalityLevel,keyword,
CurrentLocalIP,ip,
CustomerIdString,keyword,
CycleTime,long,
DadState,keyword,
DadTransmits,keyword,
Data1,keyword,
DataDomains,keyword,
DataEgressId,keyword,
DataOriginsDerived,keyword,
DataProtectionPolicyRuleAction,keyword,
DataProtectionTestMode,keyword,
DataProtectionUserNotified,keyword,
DBusDestination,keyword,
DBusInterface,keyword,
DBusMember,keyword,
DBusMessageFlags,keyword,
DBusMessageKind,keyword,
DBusNumUnixFiles,keyword,
DBusPath,keyword,
DBusPayload,keyword,
DBusReplySerial,keyword,
DBusSerial,keyword,
DcNumAttachments,match_only_text,
DcNumBlockingPolicies,match_only_text,
DcPolicyAction,keyword,
DcPolicyFlags,keyword,
DcPolicyGroupId,keyword,
DcPolicyId,keyword,
DcPolicyMassStorageBlockPermissions,keyword,
Description,keyword,
DesiredAccess,keyword,
Destination,nested,
Destination.Channel,keyword,
DetectDescription,keyword,
DetectId,keyword,
DetectionType,keyword,
DetectName,keyword,
DeviceActiveConfigurationNumber,keyword,
DeviceConnectionStatus,keyword,
DeviceDescriptorSetHash,keyword,
DeviceDescriptorUniqueIdentifier,keyword,
DeviceId,keyword,
DeviceInstanceId,keyword,
DeviceManufacturer,keyword,
DeviceMountCounter,long,
DeviceProduct,keyword,
DeviceProductId,keyword,
DevicePropertyClassGuid,match_only_text,
DevicePropertyClassName,match_only_text,
DevicePropertyDeviceDescription,keyword,
DevicePropertyFriendlyName,keyword,
DevicePropertyLocationInformation,match_only_text,
DevicePropertyManufacturer,keyword,
DeviceProtocol,keyword,
DeviceTimeStamp,keyword,
DeviceUsbClass,keyword,
DeviceUsbSubclass,keyword,
DeviceUsbVersion,keyword,
DeviceVendorId,keyword,
DeviceVersion,keyword,
DiagnosticResultContext,keyword,
DiagnosticRunId,keyword,
DiagnosticRunType,keyword,
DiagnosticTriggerContext,keyword,
DirectionType,keyword,
DirectoryCreatedCount,long,
DirectoryEnumeratedCount,long,
discoverer_aid,keyword,
discovererCount,integer,
disposition,keyword,
DllCharacteristics,keyword,
DnsRequestCount,long,
DnsRequests,nested,Detected DNS requests done by a process.
DnsResponseType,keyword,
DocumentFileWrittenCount,long,
DomainSid,keyword,
DotnetModuleFlags,keyword,
DotnetModuleId,keyword,
DownloadPath,keyword,
DownloadPort,long,
DownloadServer,keyword,
DriverLoadFlags,keyword,
DualRequest,keyword,
DylibPath,match_only_text,
EffectiveTransmissionClass,keyword,
EfiVariableCustomModeAttributes,match_only_text,
EfiVariableDbAttributes,match_only_text,
EfiVariableDbSha256Hash,match_only_text,
EfiVariableKekAttributes,match_only_text,
EfiVariableKekSha256Hash,match_only_text,
EfiVariablePkAttributes,match_only_text,
EfiVariablePkSha256Hash,match_only_text,
EfiVariableSecureBootAttributes,match_only_text,
EfiVariableSetupMode,match_only_text,
EfiVariableSetupModeAttributes,match_only_text,
EfiVariableSignatureSupport,match_only_text,
EfiVariableSignatureSupportAttributes,match_only_text,
EgressEventId,keyword,
EgressSessionId,keyword,
eid,integer,
ELFSubType,keyword,
EnabledPrivilegesBitmask,keyword,
EndpointDescriptorAddress,keyword,
EndpointDescriptorAttributes,keyword,
EndpointDescriptorInterval,keyword,
EndpointDescriptorMaxPacketSize,keyword,
EndTime,date,
Entitlements,keyword,
EnvironmentVariableName,keyword,
EnvironmentVariablesString,match_only_text,
EnvironmentVariableValue,keyword,
ErrorCode,keyword,
ErrorStatus,keyword,
ErrorText,keyword,
EtwProviders,keyword,
EtwProvidersEnabled,keyword,
EtwProvidersError,keyword,
EtwProviderType,keyword,
EtwRawProcessId,long,
EtwRawRpcClientProcessId,keyword,
EtwRawThreadId,long,
event-type,keyword,
event_category,keyword,
event_simpleName,keyword,
EventCorrelationId,keyword,
EventOrigin,integer,
EventTimestamp,date,
EventType,keyword,
EventUUID,keyword,
ExceptionAddress,keyword,
ExceptionCode,keyword,
ExceptionInformation0,keyword,
ExclusionSource,keyword,
ExclusionType,keyword,
ExeAndServiceCount,long,
ExecutableBytes,match_only_text,
ExecutableDeletedCount,long,
ExecutionShell,keyword,
ExtendedAttributeModificationType,keyword,
ExtendedAttributeName,keyword,
ExtendedAttributeStatus,keyword,
ExtendedAttributeValue,match_only_text,
ExtendedAttributeValueReadable,match_only_text,
ExtendedKeyUsages,keyword,
ExternalApiType,keyword,
Facility,keyword,
FailedConnectCount,long,
FalconGroupingTags,keyword,
FalconHostLink,keyword,
FeatureExtractionVersion,keyword,
FeatureVector,match_only_text,
File,keyword,
FileAttributes,keyword,
FileAttributesNew,keyword,
FileAttributesPrevious,keyword,
FileCategory,keyword,
FileCategoryCounts,nested,
FileContent,match_only_text,
FileDeletedCount,long,
FileEcpBitmask,keyword,
FileIdentifier,keyword,
FileName,keyword,
FileObject,keyword,
FileOperatorSid,keyword,
FilePath,keyword,
FilesAccessed.FileName,keyword,
FilesAccessed.FilePath,keyword,
FilesAccessed.Timestamp,date,
FilesEgressedCount,long,
FileSigningTime,keyword,
FileSubType,keyword,
FilesWritten.FileName,keyword,
FilesWritten.FilePath,keyword,
FilesWritten.Timestamp,date,
FileSystemOperationType,keyword,
FileType.Type.CategoryID,keyword,
FileType.Type.CategoryName,keyword,
FileType.Type.Description,keyword,
FileType.Type.ID,keyword,
FileType.Type.Name,keyword,
FileVaultIsEnabled,match_only_text,
FileVersion,keyword,
FileWrittenFlags,keyword,
FilterContent,keyword,
FilterLength,keyword,
finding,keyword,
findings.name,keyword,
findings.value,keyword,
FirewallAction,keyword,
FirewallOption,keyword,
FirewallOptionNumericValue,keyword,
FirewallProfile,keyword,
FirewallRule,keyword,
FirewallRuleId,keyword,
FirmwareAnalysisEclConsumerInterfaceVersion,keyword,
FirmwareAnalysisEclControlInterfaceVersion,keyword,
FirmwareSize,keyword,
FirmwareType,keyword,
FirstCommand,match_only_text,
firstDetected,date,
FirstDiscoveredDate,date,
FirstIP4Record,keyword,
FirstSeen,date,
FixedFileVersion,keyword,
Flags,keyword,
FltCallbackData,keyword,
FltCompletionContext,keyword,
FltRelatedObjects,keyword,
FontBuffer,keyword,
FontBufferLength,keyword,
FontFileCount,long,
FontFileName,keyword,
FontLoadOperation,keyword,
FsOperationClassification,keyword,
FsOperationClassificationFlags,keyword,
FullExceptionRecord,keyword,
FXFileSize,keyword,
GcpAccessConfigNatIp,keyword,
GcpAttachedInstanceId,keyword,
GcpDisplayName,keyword,
GcpEmail,keyword,
GcpId,keyword,
GcpInterfaceName,keyword,
GcpMachineType,keyword,
GcpName,keyword,
GcpNetwork,keyword,
GcpNetworkIp,keyword,
GcpProjectId,keyword,
GcpRegion,keyword,
GcpStatus,keyword,
GcpZone,keyword,
GenericFileWrittenCount,long,
GrandParentBaseFileName,keyword,
GrandparentCommandLine,keyword,
GrandparentImageFileName,keyword,
GrandparentImageFilePath,keyword,
GrandparentProcessId,keyword,
GrandparentProcessPatternIdList,keyword,
GrandparentSHA256HashData,keyword,
GreatGrandParentBaseFileName,keyword,
GroupRid,keyword,
HandleCreateAuthenticationId,keyword,
HandleCreated,keyword,
HandleOperationType,keyword,
HashAlgorithm,keyword,
HbfwRuleFlags,keyword,
HbfwRuleId,keyword,
HIDDescriptorCountryCode,long,
HIDDescriptorNumDescriptors,keyword,
HIDDescriptorVersion,keyword,
HookedDriverImagePath,keyword,
HookedDriverObjectPointer,keyword,
HookedDriverSize,keyword,
HookedDriverStartAddress,keyword,
HookedObjectPointer,keyword,
HookedObjectType,keyword,
HookedPointerType,keyword,
HookingAddress,keyword,
HookingDriverImagePath,keyword,
HostGroups,keyword,
HostHiddenStatus,keyword,
hostname,keyword,
HostProcessType,keyword,
HttpHost,keyword,
HttpInternalSource,match_only_text,
HttpMethod,match_only_text,
HttpPath,keyword,
HttpRequestHeader,match_only_text,
HttpStatus,keyword,
HttpStatusText,keyword,
HttpUrl,match_only_text,
IcmpCode,keyword,
IcmpType,keyword,
Id,keyword,
id,keyword,
IdpPerfCounterMaximum,long,
IdpPerfCounterMinimum,long,
IdpPerfCounterPath,keyword,
IdpPerfCounterSum,long,
IdpPerfSampleCount,long,
IdpPerfSampleDuration,keyword,
IfType,keyword,
ImageBaseName,keyword,
ImageCheckSum,keyword,
ImageEntryPoint,keyword,
ImageFileName,keyword,
ImageSignatureLevel,keyword,
ImageSignatureType,keyword,
ImageSubsystem,keyword,
ImageTimeStamp,keyword,
ImpersonatedUserName,keyword,
InBroadcastOctets,keyword,
InContext,keyword,
InDiscards,keyword,
IndividualDiskInfo,match_only_text,
InErrors,keyword,
info.host.*,object,Host information enriched from aidmaster data.
info.user.*,object,User information enriched from userinfo data.
Information,keyword,
InjectedDll,keyword,
InjectedDllCount,long,
InjectedThreadCount,long,
InjectedThreadFlag,keyword,
InMulticastOctets,keyword,
InMulticastPkts,keyword,
InNUcastPkts,keyword,
InOctets,keyword,
InstanceMetadata,match_only_text,
InstanceMetadataSignature,match_only_text,
IntegrityLevel,keyword,
InterfaceAlias,keyword,
InterfaceDescription,keyword,
InterfaceDescriptorAlternateSetting,keyword,
InterfaceDescriptorName,keyword,
InterfaceDescriptorNumber,keyword,
InterfaceDescriptorNumEndpoints,keyword,
InterfaceFlags,keyword,
InterfaceGuid,keyword,
InterfaceIdentifier,keyword,
InterfaceIndex,long,
InterfaceKind,match_only_text,
InterfaceMtu,keyword,
InterfaceType,keyword,
InterfaceVersion,keyword,
internal_only,boolean,
InUcastOctets,keyword,
InUcastPkts,keyword,
InUnknownProtos,keyword,
IOCType,keyword,
IOCValue,keyword,
IOServiceClass,keyword,
IOServiceName,keyword,
IOServicePath,keyword,
IP4Records,keyword,
IpEntryFlags,keyword,
IrpFlags,keyword,
IsClipboard,boolean,
IsEBPF,keyword,
IsFromDifferentMountNamespace,keyword,
IsHosted,keyword,
iso_benchmark_ids,keyword,
IsOnNetwork,keyword,
IsOnRemovableDisk,keyword,
IsProcessInitializing,keyword,
IsTransactedFile,keyword,
IsTrustedOnLocalMachine,keyword,
IsUnique,keyword,
KernelTime,long,
KeyObject,match_only_text,
LanguageId,keyword,
LastAdded,match_only_text,
lastDetected,date,
LastDiscoveredBy,keyword,
LastDisplayed,match_only_text,
LastLoggedOnHost,keyword,
LastPendingUpdateInstalledTime,match_only_text,
LaunchItemType,match_only_text,
LaunchItemUrl,match_only_text,
LdapSearchFilterSample,match_only_text,
LeadId,keyword,
LeadType,keyword,
legacyPolicyId,long,
LfoUploadFlags,keyword,
LightningLatencyState,keyword,
LightningResponseStatus,keyword,
Line,keyword,
LinkLocalAddressBehavior,keyword,
LinkLocalAddressTimeout,keyword,
LocalAddressIP4,ip,
LocalAddressIP6,ip,
LocalAddressMaskIP4,keyword,
LocalAddressMaskIP6,keyword,
LocalAdminAccess,keyword,
LocalIP,ip,
LocalIpAddressPipelineSource,keyword,
localipCount,integer,
LocalIPv6,ip,
LogicalCoreCount,long,
LoginSessionId,keyword,
LogoffTime,date,
LogonDomain,keyword,
LogonId,keyword,
LogonInfo,keyword,
LogonServer,keyword,
LogonTime,date,
LogonType,keyword,
MACAddress,keyword,
MachOSubType,keyword,
MACPrefix,keyword,
MajorFunction,keyword,
MajorVersion,keyword,
Malicious,keyword,
ManagedPdbBuildPath,match_only_text,
management_event,boolean,
MappedFromUserMode,keyword,
MatchedClassification.ID,keyword,
MatchedClassification.Name,keyword,
MaxCpuUsage,keyword,
MaxReassemblySize,keyword,
MaxRouterAdvertisementInterval,keyword,
MaxThreadCount,long,
MaxUsedRam,keyword,
MD5HashData,keyword,
MD5String,keyword,
MeasurementType,keyword,
MediaConnectState,keyword,
MediaType,keyword,
MemoryAvailable,match_only_text,
MemoryTotal,keyword,
Metric,keyword,
MicrocodeSignature,keyword,
MigoTemplateId,keyword,
MigoTemplateInstanceId,keyword,
MigoTemplateInstanceVersion,keyword,
MillisecondsToReadFirmware,keyword,
MinorFunction,keyword,
MinorVersion,keyword,
MinRouterAdvertisementInterval,keyword,
MLModelVersion,keyword,
MmioDataGenPmconB,match_only_text,
MmioDataSmiEn,match_only_text,
MmioDataTco1Cnt,match_only_text,
MoboManufacturer,keyword,
MoboProductName,keyword,
ModelPrediction,keyword,
ModuleCharacteristics,keyword,
ModuleExportName,keyword,
ModuleILPath,keyword,
ModuleLoadCount,long,
ModuleLoadTelemetryClassification,keyword,
ModuleSize,keyword,
monthsincereset,keyword,
MountedVolumeAction,keyword,
MsiProductCode,keyword,
MsiTransactionEndTimeStamp,keyword,
MsiTransactionStartTimeStamp,keyword,
MsiTransactionType,keyword,
MSOfficeSubType,keyword,
Name,keyword,
name,keyword,
NDRoot,keyword,
NegateInterface,keyword,
NegateLocalAddress,keyword,
NegateRemoteAddress,keyword,
NeighborList,keyword,
NeighborName,keyword,
NetlinkFamily,keyword,
NetLuidIndex,long,
NetworkAccesses.AccessTimestamp,keyword,
NetworkAccesses.AccessType,keyword,
NetworkAccesses.ConnectionDirection,keyword,
NetworkAccesses.IsIPV6,keyword,
NetworkAccesses.LocalAddress,keyword,
NetworkAccesses.LocalPort,keyword,
NetworkAccesses.Protocol,keyword,
NetworkAccesses.RemoteAddress,keyword,
NetworkAccesses.RemotePort,keyword,
NetworkBindCount,long,
NetworkCapableAsepWriteCount,long,
NetworkCloseCount,long,
NetworkConnectCount,long,
NetworkConnectCountUdp,long,
NetworkContainmentState,keyword,
NetworkGuid,keyword,
NetworkInterfaceGuid,keyword,
NetworkListenCount,long,
NetworkModuleLoadCount,long,
NetworkProfile,keyword,
NetworkRecvAcceptCount,long,
NewExecutableWrittenCount,long,
NewFileAttributesLinux,keyword,
NewFileIdentifier,keyword,
NewUnixPermissions,keyword,
NewUserID,keyword,
NewUsername,keyword,
nist_benchmark_ids,keyword,
NlMtu,keyword,
Nonce,unsigned_long,
NormalizedPath,keyword,
NumberOfDiskDrives,keyword,
NumberOfMeasurements,keyword,
Object1Type,keyword,
ObjectAccessOperationType,keyword,
Objective,keyword,
ObjectNameEtw,match_only_text,
ObjectType,keyword,
ObjectTypeEtw,match_only_text,
OciContainerAppName,match_only_text,
OciContainerAppVersion,match_only_text,
OciContainerConfigImage,match_only_text,
OciContainerConfigLabels,match_only_text,
OciContainerConfigTty,match_only_text,
OciContainerConfigUser,match_only_text,
OciContainerEngineType,match_only_text,
OciContainerHostConfigCgroup,match_only_text,
OciContainerHostConfigDevices,match_only_text,
OciContainerHostConfigOomKillDisable,match_only_text,
OciContainerHostConfigPrivileged,match_only_text,
OciContainerHostConfigPublishAllPorts,match_only_text,
OciContainerHostConfigReadOnlyRootfs,match_only_text,
OciContainerId,match_only_text,
OciContainerImageId,match_only_text,
OciContainerInfoRetransmitted,match_only_text,
OciContainerMounts,match_only_text,
OciContainerName,match_only_text,
OciContainerNetworkSettingsIpAddress,match_only_text,
OciContainerPhase,match_only_text,
OciContainersStartedCount,match_only_text,
OciContainersStoppedCount,match_only_text,
OciContainerStateOOMKilled,match_only_text,
OciContainerStatePid,match_only_text,
ODAccountType,keyword,
ODAttributeName,keyword,
ODDatabasePath,keyword,
ODErrorCode,keyword,
ODNodeName,keyword,
ODRecordName,keyword,
ODRecordType,keyword,
OdsCPUPriority,keyword,
OdsEndpointNotification,keyword,
OdsFileName,keyword,
OdsIsFileQuarantined,keyword,
OdsPatternId,keyword,
OdsPreemptionPriority,keyword,
OdsProfileId,keyword,
OdsQuarantineFile,keyword,
OdsScanId,keyword,
OdsScanType,keyword,
OnLinkPrefixLength,keyword,
OperationFlags,keyword,
OperStatus,keyword,
Options,keyword,
OriginalContentLength,keyword,
OriginalEventTimeStamp,keyword,
OriginalFilename,keyword,
OriginalParentAuthenticationId,keyword,
OriginalScriptContent,keyword,
OriginalUserID,keyword,
OriginalUserName,keyword,
OriginalUserSid,keyword,
OriginWebLocations,flattened,
os_version,keyword,
OSVersionFileData,match_only_text,
OSVersionFileName,keyword,
OU,keyword,
OutBroadcastOctets,keyword,
OutDiscards,keyword,
OutErrors,keyword,
OutMulticastOctets,keyword,
OutMulticastPkts,keyword,
OutNUcastPkts,keyword,
OutOctets,keyword,
OutUcastOctets,keyword,
OutUcastPkts,keyword,
Parameter1,keyword,
Parameter2,keyword,
Parameter3,keyword,
Parameter64_1,keyword,
Parameter64_2,keyword,
Parameter64_3,keyword,
ParentAuthenticationId,keyword,
ParentCommandLine,keyword,
ParentHubInstanceId,keyword,
ParentHubPort,long,
ParentImageFileName,keyword,
ParentImageFilePath,keyword,
ParentProcessPatternIdList,keyword,
ParentSHA256HashData,keyword,
PasswordLastSet,keyword,
PathMtuDiscoveryTimeout,keyword,
PatternDispositionDescription,keyword,
PatternDispositionFlags.BlockingUnsupportedOrDisabled,boolean,
PatternDispositionFlags.BootupSafeguardEnabled,boolean,
PatternDispositionFlags.ContainmentFileSystem,boolean,
PatternDispositionFlags.CriticalProcessDisabled,boolean,
PatternDispositionFlags.Detect,boolean,
PatternDispositionFlags.FsOperationBlocked,boolean,
PatternDispositionFlags.HandleOperationDowngraded,boolean,
PatternDispositionFlags.InddetMask,boolean,
PatternDispositionFlags.Indicator,boolean,
PatternDispositionFlags.KillActionFailed,boolean,
PatternDispositionFlags.KillParent,boolean,
PatternDispositionFlags.KillProcess,boolean,
PatternDispositionFlags.KillSubProcess,boolean,
PatternDispositionFlags.OperationBlocked,boolean,
PatternDispositionFlags.PolicyDisabled,boolean,
PatternDispositionFlags.ProcessBlocked,boolean,
PatternDispositionFlags.QuarantineFile,boolean,
PatternDispositionFlags.QuarantineMachine,boolean,
PatternDispositionFlags.RegistryOperationBlocked,boolean,
PatternDispositionFlags.Rooting,boolean,
PatternDispositionFlags.SensorOnly,boolean,
PatternDispositionFlags.SuspendParent,boolean,
PatternDispositionFlags.SuspendProcess,boolean,
PatternDispositionValue,long,
PatternId,keyword,
PatternIdList,match_only_text,
pci_benchmark_ids,keyword,
PciAttachmentState,keyword,
PciConfigDataBdsm,match_only_text,
PciConfigDataBiosCntl,match_only_text,
PciConfigDataGenPmconA,match_only_text,
PciConfigDataGgc,match_only_text,
PciConfigDataHfsts1,match_only_text,
PciConfigDataMesegBase,match_only_text,
PciConfigDataRemapbase,match_only_text,
PciConfigDataRemaplimit,match_only_text,
PciConfigDataSmramc,match_only_text,
PciConfigDataTom,match_only_text,
PciConfigDataTouud,match_only_text,
PciConfigDataTsegmb,match_only_text,
Pcr0,match_only_text,
Pcr1,match_only_text,
Pcr2,match_only_text,
Pcr3,match_only_text,
Pcr4,match_only_text,
Pcr5,match_only_text,
Pcr6,match_only_text,
Pcr7,match_only_text,
PendingUpdateIds,match_only_text,
PerformanceCounter,keyword,
PermanentPhysicalAddress,keyword,
PhysicalAddress,keyword,
PhysicalAddressLength,long,
PhysicalCoreCount,long,
PhysicalMediumType,keyword,
PlatformId,keyword,
PlatformName,keyword,
PointerSize,keyword,
Policy.ID,keyword,
Policy.Name,keyword,
policy_severity,long,
PolicyIdentifier,keyword,
PolicyName,keyword,
PolicyRuleSeverity,long,
PreferredLifetime,keyword,
PrefixLength,keyword,
PrefixOrigin,keyword,
Prevalence.Key,keyword,
PreviousConnectTime,date,
PreviousFileAttributesLinux,keyword,
PreviousUnixPermissions,keyword,
PrimaryModule,keyword,
PrivilegedProcessHandleCount,long,
PrivilegesBitmask,keyword,
ProcessAttributes,match_only_text,
ProcessCount,long,
ProcessCreateFlags,keyword,
ProcessId,long,
ProcessorPackageCount,long,
ProcessParameterFlags,keyword,
ProcessStartKey,keyword,
ProcessSxsFlags,keyword,
product_type_desc,keyword,
ProductLanguage,keyword,
ProductManufacturer,keyword,
ProductName,keyword,
ProductType,keyword,
ProductVersion,keyword,
ProfileDisplayName,keyword,
ProfileIdentifier,keyword,
ProfileModificationType,keyword,
ProfileScope,keyword,
ProfileSource,keyword,
ProfileUUID,keyword,
ProtectVirtualMemoryCount,long,
ProvisionState,keyword,
PtCompatibilityFlags,keyword,
PtStatusFlags,keyword,
PublicKeys,keyword,
PupAdwareConfidence,keyword,
PupAdwareDecisionValue,keyword,
QuarantinedFileExtendedState,match_only_text,
QuarantinedFileName,match_only_text,
QuarantinedFileState,match_only_text,
QueryStatus,integer,
QueueApcCount,long,
RawProcessId,keyword,
RawThreadId,keyword,
ReachableTime,keyword,
read_only,boolean,
ReasonOfFunctionalityLevel,keyword,
ReceiveLinkSpeed,keyword,
ReferrerUrl,keyword,
ReflectiveDllName,keyword,
RegBinaryValue,match_only_text,
RegClassification,keyword,
RegClassificationFlags,keyword,
RegClassificationIndex,keyword,
RegConfigClass,keyword,
RegConfigFlags,keyword,
RegConfigIndex,keyword,
RegConfigValueType,keyword,
RegCreateDisposition,match_only_text,
RegCreateOptions,match_only_text,
RegKeyName,keyword,
RegKeySecurityDecreasedCount,long,
RegObjectName,keyword,
RegOperationType,keyword,
RegPostObjectName,match_only_text,
RegRootObjectName,match_only_text,
RegStringValue,match_only_text,
RegType,keyword,
RegValueName,keyword,
RelatedClassifications.ID,keyword,
RelatedClassifications.Name,keyword,
RemoteAccount,keyword,
RemoteAddressMaskIP4,keyword,
RemoteAddressMaskIP6,keyword,
RemoteAddressString,keyword,
RemovableDiskFileWrittenCount,long,
request_id,keyword,
request_parameters,keyword,
RequestType,keyword,
ResendToCloud,keyword,
resource.captured,date,
resource.legacyResourceId,keyword,
resource.legacyResourceTypeId,long,
resource.resourceId,keyword,
resource.resourceType,keyword,
resource_url,keyword,
ResourceAttributes,flattened,
ResourceCreateTime,date,
ResourceId,keyword,
ResourceIdType,keyword,
ResourceName,keyword,
RespondingDnsServer,keyword,
response_elements,keyword,
ResponseAction,keyword,
ResponsiblePid,keyword,
RetransmitTime,keyword,
revision,long,
RFMState,keyword,
RGID,keyword,
RootExclusionProcessId,keyword,
RootPath,keyword,
RouteAge,keyword,
RouteMetric,keyword,
RouteOrigin,keyword,
RouterDiscoveryBehavior,keyword,
RPath,match_only_text,
RpcClientProcessId,keyword,
RpcClientThreadId,keyword,
RpcNestingLevel,keyword,
RpcOpClassification,match_only_text,
RpcOpNum,keyword,
RTRState,keyword,
RUID,keyword,
RuleAction,keyword,
RuleId,keyword,
RuleMatchCount,long,
RuleMatchCountSinceLastReport,long,
RunDllInvocationCount,long,
SamAccountName,match_only_text,
ScopeLevel,keyword,
ScopeZone,keyword,
Score,long,
scores.modified_time,date,
scores.os,long,
scores.overall,long,
scores.sensor,long,
scores.version,keyword,
ScreenshotsTakenCount,long,
ScreenshotType,keyword,
ScriptContent,match_only_text,
ScriptContentBytes,match_only_text,
ScriptContentName,keyword,
ScriptContentScanId,match_only_text,
ScriptControlErrorCode,keyword,
ScriptEngineInvocationCount,long,
ScriptingLanguageId,keyword,
ScriptInterpreter,keyword,
SecurityInformationLinux,keyword,
SensorGroupingTags,keyword,
SensorId,keyword,
SensorStateBitMap,keyword,
SerialNumber,keyword,
service,keyword,
ServiceAccessPropertiesEtw,match_only_text,
ServiceCurrentState,keyword,
ServiceDelayedAutoStart,match_only_text,
ServiceDependOnService,match_only_text,
ServiceDescription,keyword,
ServiceDisplayName,keyword,
ServiceErrorControl,keyword,
ServiceEventCount,long,
ServiceFailureActions,keyword,
ServiceImagePath,keyword,
ServicePackMajor,keyword,
ServiceSecurity,keyword,
ServiceStart,keyword,
ServiceType,keyword,
SessionId,keyword,
SessionPatternIdList,keyword,
SessionProcessId,keyword,
SetThreadContextCount,long,
Severity,integer,
SeverityName,keyword,
SHA1HashData,keyword,
SHA1String,keyword,
SHA256HashData,keyword,
SHA256String,keyword,
ShannonEntropy,keyword,
ShareAccess,keyword,
ShareName,keyword,
ShareSecurity,keyword,
ShareSecuritySddl,keyword,
SignalEndTimestamp,date,
SignalStartTimestamp,date,
SignalUpdatedTimestamp,date,
SignatureErrorState,keyword,
SignatureState,keyword,
SignInfoFlags,keyword,
SiteName,keyword,
SitePrefixLength,keyword,
Size,long,
SkipAsSource,keyword,
SmbClientName,keyword,
SmbShareName,keyword,
SnapshotFileOpenCount,long,
soc2_benchmark_ids,keyword,
SocketType,keyword,
SourceAccountDomain,keyword,
SourceAccountObjectGuid,keyword,
SourceAccountObjectSid,keyword,
SourceAccountSamAccountName,keyword,
SourceCommandLine,wildcard,
SourceEndpointAccountObjectGuid,keyword,
SourceEndpointAccountObjectSid,keyword,
SourceEndpointAddressIP4,keyword,
SourceEndpointHostName,keyword,
SourceEndpointNetworkTag,keyword,
SourceEndpointNetworkType,keyword,
SourceEventUniqueId,keyword,
SourceFileName,keyword,
SourceImageFileName,keyword,
SourceProcessId,keyword,
SourceProducts,keyword,
SourceThreadId,keyword,
SourceThreadModule,match_only_text,
SourceThreadStartAddress,keyword,
SourceVendors,keyword,
SpibarDataBfpr,match_only_text,
SpibarDataFreg0,match_only_text,
SpibarDataFreg1,match_only_text,
SpibarDataFreg2,match_only_text,
SpibarDataFreg3,match_only_text,
SpibarDataFreg4,match_only_text,
SpibarDataHsfs,match_only_text,
SpibarDataPr0,match_only_text,
SpibarDataPr1,match_only_text,
SpibarDataPr2,match_only_text,
SpibarDataPr3,match_only_text,
SpibarDataPr4,match_only_text,
SpibarDataVscc0,match_only_text,
SpibarDataVscc1,match_only_text,
StartTime,date,
Status,keyword,
status,keyword,
StorageUsageInfo,match_only_text,
SubjectDomainNameEtw,match_only_text,
subnet,keyword,
SubStatus,keyword,
SuffixOrigin,keyword,
Suppression.Suppressed,boolean,
SuppressType,keyword,
SuspectStackCount,long,
SuspiciousCredentialModuleLoadCount,long,
SuspiciousDnsRequestCount,long,
SuspiciousFontLoadCount,long,
SuspiciousRawDiskReadCount,long,
SVGID,keyword,
SVUID,keyword,
SymbolicLinkName,keyword,
SymbolicLinkTarget,keyword,
SyntheticPR2Flags,keyword,
SystemdUnitActiveState,keyword,
SystemdUnitFileState,keyword,
SystemdUnitLoadState,keyword,
SystemdUnitName,keyword,
SystemdUnitPath,keyword,
SystemdUnitProperties,wildcard,
SystemManufacturer,keyword,
SystemProcessCount,match_only_text,
SystemProductName,keyword,
SystemSerialNumber,keyword,
SystemSku,keyword,
SystemTableIndex,long,
Tactic,keyword,
Tags,keyword,
TamperingAction,keyword,
TargetAuthenticationId,keyword,
TargetCommandLineParameters,keyword,
TargetDomainControllerObjectGuid,keyword,
TargetDomainControllerObjectSid,keyword,
TargetFileName,keyword,
TargetIntegrityLevel,keyword,
TargetProcessCommandLine,keyword,
TargetProcessImageFileName,keyword,
TargetSHA256HashData,keyword,
TargetThreadId,keyword,
TargetThreadModule,keyword,
TaskAuthor,keyword,
TaskExecArguments,keyword,
TaskExecCommand,keyword,
TaskName,keyword,
TaskXml,match_only_text,
Technique,keyword,
TemplateDisposition,keyword,
TemplateInstanceId,keyword,
ThreadStartAddress,keyword,
ThreadStartBytes,match_only_text,
ThreadStartContext,keyword,
ThreatgraphIndicators.Description,keyword,
ThreatgraphIndicators.DisplayName,keyword,
ThreatgraphIndicators.HostId,keyword,
ThreatgraphIndicators.Hostname,keyword,
ThreatgraphIndicators.IndicatorId,keyword,
ThreatgraphIndicators.PatternDisposition,long,
ThreatgraphIndicators.PatternId,keyword,
ThreatgraphIndicators.ProcessId,keyword,
ThreatgraphIndicators.Severity,long,
ThreatgraphIndicators.SignalAssociationTimestamp,date,
ThreatgraphIndicators.TemplateInstanceId,keyword,
Timeout,long,
TlsVersion,keyword,
TokenType,keyword,
TotalCount,long,
TotalDiskSpace,keyword,
TransmitLinkSpeed,keyword,
TreeId,keyword,
TunnelType,keyword,
Type,keyword,"The endpoint detection type (""ldt"": Legacy Endpoint Detection, or ""ofp"": Office Prevention Macro Detection)."
UninstallPendingUpdateIds,match_only_text,
UnixMode,keyword,
UnsignedModuleLoadCount,long,
UpdateFlag,keyword,
UploadId,keyword,
url,keyword,
UsedDiskSpace,keyword,
User,keyword,
user_identity_access_key_id,keyword,
user_identity_account_id,keyword,
user_identity_arn,keyword,
user_identity_mfa_authenticated,boolean,
UserDepartment,keyword,
UserFlags,keyword,
UserGroupsBitmask,keyword,
UserLogoffType,keyword,
UserLogonFlags,keyword,
UserLogonFlags_decimal,keyword,
UserMapped,boolean,
UserMemoryAllocateExecutableCount,long,
UserMemoryAllocateExecutableRemoteCount,long,
UserMemoryProtectExecutableCount,long,
UserMemoryProtectExecutableRemoteCount,long,
UserName,keyword,
UserNames,keyword,
UserNotified,boolean,
UserRid,keyword,
UserSid,keyword,
UserSid_readable,keyword,
UserThread,keyword,
UserTime,long,
UserTitle,keyword,
USN,keyword,
ValidLifetime,keyword,
VerifiedCertificate,keyword,
VersionInfo,match_only_text,
vertex_id,keyword,
vertex_type,keyword,
VirtualAddress,keyword,
VnodeModificationType,keyword,
VnodeType,keyword,
VolumeAppearanceTime,keyword,
VolumeBusName,keyword,
VolumeBusPath,keyword,
VolumeDeviceCharacteristics,keyword,
VolumeDeviceInternal,keyword,
VolumeDeviceModel,keyword,
VolumeDeviceObjectFlags,keyword,
VolumeDevicePath,keyword,
VolumeDeviceProtocol,keyword,
VolumeDeviceRevision,keyword,
VolumeDeviceType,keyword,
VolumeDeviceVendor,match_only_text,
VolumeDriveLetter,keyword,
VolumeEncryptionStatus,keyword,
VolumeFileSystemDevice,keyword,
VolumeFileSystemDriver,keyword,
VolumeFileSystemType,keyword,
VolumeIsEncrypted,keyword,
VolumeIsNetwork,keyword,
VolumeLabel,keyword,
VolumeMediaBSDMajor,keyword,
VolumeMediaBSDMinor,keyword,
VolumeMediaBSDName,keyword,
VolumeMediaBSDUnit,keyword,
VolumeMediaContent,keyword,
VolumeMediaEjectable,keyword,
VolumeMediaName,keyword,
VolumeMediaPath,keyword,
VolumeMediaRemovable,keyword,
VolumeMediaSize,keyword,
VolumeMediaUUID,keyword,
VolumeMediaWhole,keyword,
VolumeMediaWritable,keyword,
VolumeMountPoint,keyword,
VolumeName,keyword,
VolumeOriginPath,match_only_text,
VolumeRealDeviceName,keyword,
VolumeSectorSize,keyword,
VolumeSessionUUID,keyword,
VolumeSnapshotName,match_only_text,
VolumeSnapshotTimeStamp,match_only_text,
VolumeType,keyword,
VolumeUUID,keyword,
WindowFlags,keyword,
WmiNamespaceName,keyword,
WmiProviderName,keyword,
WmiProviderType,keyword,
WmiQuery,keyword,
WSLDistributionFlavor,keyword,
WSLDistributionId,keyword,
WSLDistributionName,keyword,
WSLDistributionVersion,keyword,
WSLPIDNamespace,keyword,
WSLPluginAPIMajor,keyword,
WSLPluginAPIMinor,keyword,
WSLPluginAPIRevision,keyword,
WSLSessionId,keyword,
XumdInjectionFailureCount,long,
XumdInjectionSuccessCount,long,
XumdProcessErrorStatusString,keyword,
XumdStatusReason,keyword,
XumdStatusVersion,keyword,
XumdSuccessStatusString,keyword,
